"Compound";"Code";"site";"Rainfallevent";"conc_water"
"1";"2-4-D";"CH39";"Q";"2";0.0801215048860612
"2";"2-4-D";"CH35";"M";"2";0.524294291028429
"3";"2-4-D";"CH85";"P";"B";0.127933492340986
"4";"2-4-D";"CH66";"T";"3";1.3849294736476
"5";"2-4-D";"CH65";"S";"3";3.66225204169891
"6";"2-4-D";"CH43";"A";"3";0.0654851274954285
"7";"2-4-D";"CH41";"S";"2";1.10442871759675
"8";"2-4-D";"CH68";"B";"B";0.00530603175858791
"9";"2-4-D";"CH58";"M";"3";0.297082104536538
"10";"2-4-D";"RO14";"N";"1";0.0330012174758548
"11";"2-4-D";"CH54";"I";"3";36.220310369691
"12";"2-4-D";"CH84";"O";"B";0.117888091523438
"13";"2-4-D";"CH36";"N";"2";1.2685259456805
"14";"2-4-D";"CH49";"E";"3";0.315404114763509
"15";"2-4-D";"RO3";"C";"1";0.081458449629669
"16";"2-4-D";"CH27";"E";"2";0.0859657894669248
"17";"2-4-D";"CH21";"A";"2";0.568779024287311
"18";"2-4-D";"CH87";"Q";"B";0.218549280217043
"19";"2-4-D";"CH50";"F";"3";2.95054136488228
"20";"2-4-D";"CH38";"P";"2";0.437438984130222
"21";"2-4-D";"RO13";"M";"1";0.506809170242484
"22";"2-4-D";"CH93";"T";"B";0.118403542117093
"23";"2-4-D";"CH70";"D";"B";0.0242099126648955
"24";"2-4-D";"RO6";"E";"1";0.0735693669849058
"25";"2-4-D";"CH29";"G";"2";2.42206081046872
"26";"2-4-D";"CH32";"I";"2";12.7520631498711
"27";"2-4-D";"CH51";"G";"3";1.0751947436266
"28";"2-4-D";"RO9";"H";"1";2.29278502618506
"29";"2-4-D";"RO8";"G";"1";0.365275847351589
"30";"2-4-D";"RO1";"A";"1";0.0207541097079695
"31";"2-4-D";"CH57";"L";"3";0.0150208181802565
"32";"2-4-D";"CH60";"N";"3";0.271956429739016
"33";"2-4-D";"CH23";"C";"2";1.11762828446713
"34";"2-4-D";"CH33";"K";"2";0.145569321030867
"35";"2-4-D";"CH83";"N";"B";0.106499870459034
"36";"2-4-D";"RO7";"F";"1";0.599467435956763
"37";"2-4-D";"CH90";"S";"B";1.98854355889724
"38";"2-4-D";"CH46";"C";"3";0.506905263051666
"39";"2-4-D";"CH71";"E";"B";0.0427621607661813
"40";"2-4-D";"CH62";"Q";"3";0.0791732232533395
"41";"2-4-D";"RO19";"S";"1";0.445764010535719
"42";"2-4-D";"CH61";"P";"3";0.271893144176016
"43";"2-4-D";"CH47";"D";"3";0.0666241675291504
"44";"2-4-D";"CH67";"A";"B";0.0483496341276725
"45";"2-4-D";"CH56";"K";"3";0.0958237866963251
"46";"2-4-D";"CH63";"R";"3";0.0214750919986225
"47";"2-4-D";"CH40";"R";"2";0.118574375424663
"48";"2-4-D";"CH72";"F";"B";1.03736935960723
"49";"2-4-D";"CH77";"I";"B";0.211363412687454
"50";"2-4-D";"RO2";"B";"1";0.0273940882634542
"51";"2-4-D";"CH74";"G";"B";0.275127775875946
"52";"2-4-D";"RO17";"Q";"1";0.0314803178954933
"53";"2-4-D";"RO15";"O";"1";0.169952637347662
"54";"2-4-D";"CH69";"C";"B";0.0380606122533222
"55";"2-4-D";"CH88";"R";"B";0.0232433950507804
"56";"2-4-D";"RO16";"P";"1";0.0957141436622757
"57";"2-4-D";"RO4";"D";"1";0.0473831419454724
"58";"2-4-D";"CH30";"H";"2";5.80501451789649
"59";"2-4-D";"CH82";"M";"B";0.0109601875659225
"60";"2-4-D";"CH28";"F";"2";2.52370360911349
"61";"2-4-D";"CH37";"O";"2";0.924557141777374
"62";"2-4-D";"CH42";"T";"2";0.482798478089949
"63";"2-4-D";"CH25";"D";"2";0.070856161087224
"64";"2-4-D";"CH78";"K";"B";0.0142294870045412
"65";"2-4-D";"CH76";"H";"B";0.208100459695013
"66";"2-4-D";"CH34";"L";"2";0.0379783435042688
"67";"2-4-D";"CH53";"H";"3";0.732919012436033
"115";"Acetamiprid";"CH29";"G";"2";0.00111408871740737
"116";"Acetamiprid";"RO3";"C";"1";0.00206078916774974
"117";"Acetamiprid";"CH88";"R";"B";0.000840038027452573
"118";"Acetamiprid";"CH60";"N";"3";0.00185234315983646
"119";"Acetamiprid";"CH51";"G";"3";0.0021474458104849
"120";"Acetamiprid";"CH68";"B";"B";0.000805412783195283
"121";"Acetamiprid";"RO18";"R";"1";0.00381897318165974
"122";"Acetamiprid";"RO17";"Q";"1";0.000339930962618249
"123";"Acetamiprid";"CH72";"F";"B";0.00175862183665981
"124";"Acetamiprid";"CH87";"Q";"B";0.000600978556149933
"125";"Acetamiprid";"CH36";"N";"2";0.000534866658963871
"126";"Acetamiprid";"CH76";"H";"B";0.000921315782969799
"127";"Acetamiprid";"CH50";"F";"3";0.00347484071067954
"128";"Acetamiprid";"CH74";"G";"B";0.00120467812959311
"143";"Alachlor";"CH66";"T";"3";0.020112438920858
"144";"Alachlor";"CH85";"P";"B";0.00147083411683901
"145";"Alachlor";"CH72";"F";"B";0.0143014408517614
"146";"Alachlor";"CH93";"T";"B";0.00152410085121319
"147";"Alachlor";"CH58";"M";"3";0.00152799261813041
"148";"Alachlor";"CH51";"G";"3";0.106835100828718
"149";"Alachlor";"CH71";"E";"B";0.00129376525859675
"150";"Alachlor";"CH49";"E";"3";0.0115191880116178
"151";"Alachlor";"CH38";"P";"2";0.00191630423594401
"152";"Alachlor";"CH29";"G";"2";0.268468444591522
"153";"Alachlor";"CH36";"N";"2";0.000582083567792031
"154";"Alachlor";"CH74";"G";"B";0.0158155347690268
"155";"Alachlor";"CH54";"I";"3";0.00584282697071857
"156";"Alachlor";"CH32";"I";"2";0.000835927089825543
"157";"Alachlor";"CH82";"M";"B";0.0137945380048964
"158";"Alachlor";"CH61";"P";"3";0.00182192929808662
"159";"Alachlor";"CH35";"M";"2";0.000589177671445676
"160";"Alachlor";"CH42";"T";"2";0.012384215786918
"174";"Atrazin";"RO9";"H";"1";0.00203520765095765
"175";"Atrazin";"CH53";"H";"3";0.00222451034893884
"176";"Atrazin";"CH50";"F";"3";0.021675061642121
"177";"Atrazin";"CH58";"M";"3";0.0254486606515181
"178";"Atrazin";"CH35";"M";"2";0.024867048488815
"179";"Atrazin";"CH87";"Q";"B";0.017482723789547
"180";"Atrazin";"CH46";"C";"3";0.0563970844655273
"181";"Atrazin";"CH23";"C";"2";0.592665818722585
"182";"Atrazin";"CH41";"S";"2";0.00310148467360646
"183";"Atrazin";"CH74";"G";"B";0.0256173999549967
"184";"Atrazin";"RO2";"B";"1";0.00154144323938856
"185";"Atrazin";"CH62";"Q";"3";0.057500754080272
"186";"Atrazin";"CH76";"H";"B";0.0151136114777414
"187";"Atrazin";"CH85";"P";"B";0.285888119918473
"188";"Atrazin";"CH21";"A";"2";0.00382043368455415
"189";"Atrazin";"CH30";"H";"2";0.00412229138826888
"190";"Atrazin";"RO1";"A";"1";0.00144964245783255
"191";"Atrazin";"RO6";"E";"1";0.00498688105819639
"192";"Atrazin";"CH88";"R";"B";0.00117898126766792
"193";"Atrazin";"CH93";"T";"B";0.0135503125487794
"194";"Atrazin";"CH28";"F";"2";0.0110854478128679
"195";"Atrazin";"CH84";"O";"B";0.00674566173173243
"196";"Atrazin";"CH43";"A";"3";0.00326972022786929
"197";"Atrazin";"CH66";"T";"3";0.089750630657211
"198";"Atrazin";"CH72";"F";"B";0.0144985198808371
"199";"Atrazin";"CH29";"G";"2";0.0213219199405008
"200";"Atrazin";"CH33";"K";"2";0.0382612688240017
"201";"Atrazin";"CH39";"Q";"2";0.00530334300733005
"202";"Atrazin";"CH69";"C";"B";0.0143329391088966
"203";"Atrazin";"RO16";"P";"1";0.0159418425610597
"204";"Atrazin";"CH65";"S";"3";0.00425562573560264
"205";"Atrazin";"CH67";"A";"B";0.00318771336407265
"206";"Atrazin";"RO10";"I";"1";0.00630506981648502
"207";"Atrazin";"CH37";"O";"2";0.00617447030328506
"208";"Atrazin";"RO7";"F";"1";0.011972738704272
"209";"Atrazin";"CH25";"D";"2";0.0102408679702822
"210";"Atrazin";"CH60";"N";"3";0.00658374938074464
"211";"Atrazin";"CH70";"D";"B";0.132508180250627
"212";"Atrazin";"CH71";"E";"B";0.00743236493428907
"213";"Atrazin";"CH77";"I";"B";0.00829470390045824
"214";"Atrazin";"RO17";"Q";"1";0.00297405636198911
"215";"Atrazin";"CH38";"P";"2";0.0338466213822219
"216";"Atrazin";"CH27";"E";"2";0.010760974927328
"217";"Atrazin";"CH83";"N";"B";0.00718781559090601
"218";"Atrazin";"CH80";"L";"B";0.00041714680646958
"219";"Atrazin";"CH63";"R";"3";0.0014556837159266
"220";"Atrazin";"CH78";"K";"B";0.00222586661935481
"221";"Atrazin";"CH82";"M";"B";0.0424533463212385
"222";"Atrazin";"CH36";"N";"2";0.0102365133970751
"223";"Atrazin";"CH32";"I";"2";0.00987880453606478
"224";"Atrazin";"CH47";"D";"3";0.00796366281644712
"225";"Atrazin";"CH54";"I";"3";0.00939037946223703
"226";"Atrazin";"RO11";"K";"1";0.00388059020074368
"227";"Atrazin";"CH51";"G";"3";0.0942531620968885
"228";"Atrazin";"RO13";"M";"1";0.0182286171275902
"229";"Atrazin";"RO4";"D";"1";0.00741197162925959
"230";"Atrazin";"CH42";"T";"2";0.00813077603567227
"231";"Atrazin";"RO14";"N";"1";0.00244164667779476
"232";"Atrazin";"RO3";"C";"1";0.00430257704672164
"233";"Atrazin";"CH61";"P";"3";0.0312045857694752
"234";"Atrazin";"CH56";"K";"3";0.00607943028766183
"235";"Atrazin";"CH90";"S";"B";0.0033163338827486
"236";"Atrazin";"CH49";"E";"3";0.00927176039697465
"237";"Azoxystrobin";"CH36";"N";"2";0.000393978333657499
"238";"Azoxystrobin";"CH32";"I";"2";0.00052807082715062
"239";"Azoxystrobin";"CH53";"H";"3";0.000203847514258127
"240";"Azoxystrobin";"CH88";"R";"B";0.00350633514865113
"241";"Azoxystrobin";"CH71";"E";"B";0.000817295788785245
"242";"Azoxystrobin";"CH44";"B";"3";0.000798737698001671
"243";"Azoxystrobin";"CH80";"L";"B";0.000735852291128695
"244";"Azoxystrobin";"CH29";"G";"2";0.000410314242881632
"245";"Azoxystrobin";"CH90";"S";"B";0.000480356446862327
"246";"Azoxystrobin";"CH61";"P";"3";0.00025020585271257
"247";"Azoxystrobin";"CH70";"D";"B";0.000326917652187184
"248";"Azoxystrobin";"CH51";"G";"3";0.000351509050736978
"249";"Azoxystrobin";"CH49";"E";"3";0.00055976055396705
"250";"Azoxystrobin";"CH66";"T";"3";0.000264695938253876
"251";"Azoxystrobin";"CH37";"O";"2";0.000264044713375533
"252";"Azoxystrobin";"CH57";"L";"3";0.000311010688533459
"253";"Azoxystrobin";"CH84";"O";"B";0.000266281027072089
"254";"Azoxystrobin";"CH82";"M";"B";0.000408481335222139
"255";"Azoxystrobin";"CH25";"D";"2";0.000328454942097363
"256";"Azoxystrobin";"CH43";"A";"3";0.00025422934290238
"257";"Azoxystrobin";"CH76";"H";"B";0.000710949428235944
"258";"Azoxystrobin";"CH40";"R";"2";0.000200873383802935
"259";"Azoxystrobin";"CH77";"I";"B";0.00117470309533214
"260";"Azoxystrobin";"CH62";"Q";"3";0.000129418901620083
"261";"Azoxystrobin";"CH87";"Q";"B";0.000531210968897205
"262";"Azoxystrobin";"CH85";"P";"B";0.000794670764174989
"263";"Azoxystrobin";"CH58";"M";"3";7.0975118133294e-05
"264";"Azoxystrobin";"CH68";"B";"B";0.000527342541525597
"265";"Azoxystrobin";"CH60";"N";"3";0.000909613713055079
"266";"Azoxystrobin";"CH69";"C";"B";0.000459699773374575
"267";"Azoxystrobin";"CH65";"S";"3";0.000129990963064349
"268";"Azoxystrobin";"CH46";"C";"3";0.000334966925444266
"269";"Azoxystrobin";"RO16";"P";"1";0.000309159390189535
"270";"Azoxystrobin";"CH21";"A";"2";0.000476515722105845
"271";"Azoxystrobin";"CH30";"H";"2";0.00024038924384702
"272";"Azoxystrobin";"RO19";"S";"1";0.00023074204443533
"273";"Azoxystrobin";"CH83";"N";"B";0.000467751194413863
"274";"Azoxystrobin";"CH50";"F";"3";0.000379190929586985
"275";"Azoxystrobin";"CH22";"B";"2";0.00261005962899838
"276";"Azoxystrobin";"CH34";"L";"2";0.000202205148287051
"277";"Azoxystrobin";"RO17";"Q";"1";0.000238466971990586
"278";"Azoxystrobin";"CH63";"R";"3";0.000133394527554894
"279";"Azoxystrobin";"CH35";"M";"2";0.00146219303135089
"280";"Azoxystrobin";"CH54";"I";"3";0.000256321071279177
"281";"Azoxystrobin";"CH67";"A";"B";0.000702895882826768
"282";"Azoxystrobin";"CH38";"P";"2";0.00032895797322831
"283";"Azoxystrobin";"CH42";"T";"2";0.000717139635460692
"284";"Azoxystrobin";"CH33";"K";"2";0.000904217351275835
"285";"Azoxystrobin";"CH27";"E";"2";0.000104192094003689
"286";"Azoxystrobin";"CH56";"K";"3";0.000205247705762262
"287";"Azoxystrobin";"CH72";"F";"B";0.000730730689451406
"288";"Azoxystrobin";"CH93";"T";"B";0.000534890613572187
"289";"Azoxystrobin";"CH74";"G";"B";0.00124887125757767
"290";"Azoxystrobin";"CH41";"S";"2";0.000205807845216207
"291";"Azoxystrobin";"CH78";"K";"B";0.000203971798846458
"292";"Azoxystrobin";"CH28";"F";"2";0.000193932609302516
"293";"Azoxystrobin";"CH39";"Q";"2";0.00018899322742411
"294";"Azoxystrobin";"CH47";"D";"3";0.000193988531978537
"295";"Azoxystrobin";"CH23";"C";"2";0.000330583421056319
"307";"Benthiavalicarb-isopropyl";"CH44";"B";"3";0.00144433504020115
"308";"Benthiavalicarb-isopropyl";"CH68";"B";"B";0.00131117080754684
"309";"Boscalid";"CH35";"M";"2";0.000673750312749921
"310";"Boscalid";"RO16";"P";"1";0.000602692863759234
"311";"Boscalid";"CH25";"D";"2";0.000887894741626356
"312";"Boscalid";"CH23";"C";"2";0.00195485619299595
"319";"Carbendazim";"CH88";"R";"B";0.00518439537669158
"320";"Carbendazim";"CH30";"H";"2";0.0117581613252449
"321";"Carbendazim";"CH22";"B";"2";0.00975225403202454
"322";"Carbendazim";"CH40";"R";"2";0.00259279322494647
"323";"Carbendazim";"CH82";"M";"B";0.000693751783252205
"324";"Carbendazim";"CH83";"N";"B";0.00245133412851788
"325";"Carbendazim";"CH33";"K";"2";0.0118467834997088
"326";"Carbendazim";"CH70";"D";"B";0.00119928946267666
"327";"Carbendazim";"CH44";"B";"3";0.00147987365410398
"328";"Carbendazim";"CH60";"N";"3";0.00516424350304807
"329";"Carbendazim";"RO17";"Q";"1";0.00184682172713513
"330";"Carbendazim";"CH39";"Q";"2";0.00693317062112055
"331";"Carbendazim";"CH87";"Q";"B";0.00408993666901175
"332";"Carbendazim";"CH84";"O";"B";0.00909008985506838
"333";"Carbendazim";"CH78";"K";"B";0.0037413279369157
"334";"Carbendazim";"CH29";"G";"2";0.00445993430824422
"335";"Carbendazim";"CH36";"N";"2";0.0109735736414477
"336";"Carbendazim";"CH49";"E";"3";0.00983953411673313
"337";"Carbendazim";"RO6";"E";"1";0.00218867361884264
"338";"Carbendazim";"CH62";"Q";"3";0.00329701455281847
"339";"Carbendazim";"RO2";"B";"1";0.00126533353080608
"340";"Carbendazim";"RO4";"D";"1";0.00166111280182119
"341";"Carbendazim";"CH23";"C";"2";0.0505307186121597
"342";"Carbendazim";"CH42";"T";"2";0.00544763547219244
"343";"Carbendazim";"CH93";"T";"B";0.00967489989233756
"344";"Carbendazim";"CH28";"F";"2";0.00421592334519633
"345";"Carbendazim";"CH35";"M";"2";0.0379274113343341
"346";"Carbendazim";"CH51";"G";"3";0.00831012664650811
"347";"Carbendazim";"CH21";"A";"2";0.01109896093216
"348";"Carbendazim";"CH56";"K";"3";0.00808720015038768
"349";"Carbendazim";"CH74";"G";"B";0.0113866543299345
"350";"Carbendazim";"CH25";"D";"2";0.00749733583420715
"351";"Carbendazim";"CH63";"R";"3";0.00448575034175294
"352";"Carbendazim";"RO14";"N";"1";0.0056329685069273
"353";"Carbendazim";"CH46";"C";"3";0.00409606008672067
"354";"Carbendazim";"CH58";"M";"3";0.00448415854424294
"355";"Carbendazim";"CH66";"T";"3";0.00404596090479976
"356";"Carbendazim";"CH90";"S";"B";0.0139855234305678
"357";"Carbendazim";"CH53";"H";"3";0.0290814864818748
"358";"Carbendazim";"RO10";"I";"1";0.00641102693333529
"359";"Carbendazim";"CH71";"E";"B";0.00180449012140963
"360";"Carbendazim";"CH32";"I";"2";0.0106277767187742
"361";"Carbendazim";"CH41";"S";"2";0.0195741020448582
"362";"Carbendazim";"CH76";"H";"B";0.00355650095566172
"363";"Carbendazim";"CH68";"B";"B";0.002149492554136
"364";"Carbendazim";"RO3";"C";"1";0.010312222186279
"365";"Carbendazim";"CH65";"S";"3";0.00317912459408385
"366";"Carbendazim";"CH80";"L";"B";0.000818017044903115
"367";"Carbendazim";"CH61";"P";"3";0.00152979015077474
"368";"Carbendazim";"RO11";"K";"1";0.00322838490820402
"369";"Carbendazim";"CH38";"P";"2";0.0174311847787209
"370";"Carbendazim";"CH77";"I";"B";0.00309823969598395
"371";"Carbendazim";"CH47";"D";"3";0.00579856620020654
"372";"Carbendazim";"CH72";"F";"B";0.0135387261458906
"373";"Carbendazim";"CH67";"A";"B";0.00221391211657977
"374";"Carbendazim";"CH27";"E";"2";0.00769761026529918
"375";"Carbendazim";"RO19";"S";"1";0.00470261990436992
"376";"Carbendazim";"RO9";"H";"1";0.00532133858737649
"377";"Carbendazim";"CH54";"I";"3";0.00365675186011148
"378";"Carbendazim";"CH43";"A";"3";0.00660615867903491
"379";"Carbendazim";"CH34";"L";"2";0.00769258179134706
"380";"Carbendazim";"CH50";"F";"3";0.00128801176901252
"381";"Carbendazim";"CH69";"C";"B";0.00963655684306367
"382";"Carbendazim";"CH85";"P";"B";0.00809786218670162
"383";"Carbendazim";"RO1";"A";"1";0.00516858473773416
"384";"Carbendazim";"CH37";"O";"2";0.00578494297555211
"385";"Carbendazim";"RO7";"F";"1";0.00901187867875108
"386";"Carbendazim";"CH57";"L";"3";0.00177478801587963
"387";"Chlortoluron";"CH85";"P";"B";0.670789970874565
"388";"Chlortoluron";"CH61";"P";"3";0.00137280908953748
"389";"Chlortoluron";"CH38";"P";"2";0.00123764558318287
"390";"Chlortoluron";"RO16";"P";"1";0.000969297460737811
"391";"Clothianidin";"CH71";"E";"B";0.000393199741833425
"392";"Clothianidin";"CH50";"F";"3";0.00170266292596546
"393";"Clothianidin";"CH84";"O";"B";0.0358700694537299
"394";"Clothianidin";"CH65";"S";"3";0.000500307612680095
"395";"Clothianidin";"CH35";"M";"2";0.000255803203387615
"396";"Clothianidin";"CH85";"P";"B";0.00552886130441991
"397";"Clothianidin";"CH87";"Q";"B";0.00374828339286897
"398";"Clothianidin";"CH39";"Q";"2";0.00860750511924739
"399";"Clothianidin";"CH70";"D";"B";0.000251647324172506
"400";"Clothianidin";"CH29";"G";"2";0.005658844393241
"401";"Clothianidin";"CH68";"B";"B";0.000761111047056176
"402";"Clothianidin";"CH41";"S";"2";0.00541275639555977
"403";"Clothianidin";"CH62";"Q";"3";0.0124526467415222
"404";"Clothianidin";"CH51";"G";"3";0.00243519064521965
"405";"Clothianidin";"CH37";"O";"2";0.00190547255760462
"406";"Clothianidin";"CH28";"F";"2";0.000995207241013448
"407";"Clothianidin";"CH38";"P";"2";0.0017725251365901
"408";"Clothianidin";"CH72";"F";"B";0.00178972643169871
"409";"Clothianidin";"CH61";"P";"3";0.00577793516864305
"422";"Cyproconazol";"CH29";"G";"2";0.000174493863240509
"423";"Cyproconazol";"CH40";"R";"2";8.54251914722814e-06
"424";"Cyproconazol";"CH39";"Q";"2";0.000482237586703107
"425";"Cyproconazol";"CH32";"I";"2";0.000252643578255686
"426";"Cyproconazol";"CH74";"G";"B";0.0285120081664591
"427";"Cyproconazol";"CH38";"P";"2";0.00486836606544739
"428";"Cyproconazol";"CH49";"E";"3";0.00107121925355126
"429";"Cyproconazol";"CH72";"F";"B";0.000339007630555961
"430";"Cyproconazol";"CH71";"E";"B";0.00104271130288166
"431";"Cyproconazol";"CH37";"O";"2";0.311604721405245
"432";"Cyproconazol";"CH84";"O";"B";0.045013307132768
"433";"Cyproconazol";"CH50";"F";"3";0.000806290439063319
"434";"Cyproconazol";"CH51";"G";"3";8.96915083371264e-05
"435";"Cyproconazol";"CH85";"P";"B";0.00319751477692477
"436";"Cyproconazol";"CH41";"S";"2";0.000700189313337401
"437";"Cyproconazol";"CH61";"P";"3";0.0143646417138939
"438";"Cyproconazol";"CH42";"T";"2";0.00166351168840201
"439";"Cyprodinil";"CH88";"R";"B";0.000141149366680824
"440";"Cyprodinil";"CH58";"M";"3";0.000291428354703466
"441";"Diazinon";"CH38";"P";"2";0.0197087777571864
"442";"Diazinon";"CH66";"T";"3";0.0660777597347632
"443";"Diazinon";"CH37";"O";"2";0.000304223955021907
"444";"Diazinon";"CH74";"G";"B";0.0126220167056933
"445";"Diazinon";"CH63";"R";"3";0.000153692949319958
"446";"Diazinon";"CH41";"S";"2";0.0258203082891492
"447";"Diazinon";"CH87";"Q";"B";0.0136009878228536
"448";"Diazinon";"CH77";"I";"B";0.00743073716119708
"449";"Diazinon";"CH61";"P";"3";0.041320026996896
"450";"Diazinon";"CH90";"S";"B";0.0253006392035927
"451";"Diazinon";"CH47";"D";"3";0.0119203969000447
"452";"Diazinon";"CH32";"I";"2";0.00202808826724443
"453";"Diazinon";"CH50";"F";"3";0.0121358827231952
"454";"Diazinon";"RO17";"Q";"1";0.00512874304290289
"455";"Diazinon";"CH46";"C";"3";0.000720418125048643
"456";"Diazinon";"CH72";"F";"B";0.00290846733261616
"457";"Diazinon";"CH60";"N";"3";0.00748591505555806
"458";"Diazinon";"CH85";"P";"B";0.0234767816139903
"459";"Diazinon";"CH30";"H";"2";0.00438534047853114
"460";"Diazinon";"CH62";"Q";"3";0.00646153555872598
"461";"Diazinon";"CH65";"S";"3";0.0414367734007836
"462";"Diazinon";"CH70";"D";"B";0.0451996996312113
"463";"Diazinon";"CH22";"B";"2";0.000779651711423236
"464";"Diazinon";"CH36";"N";"2";0.00398449101911219
"465";"Diazinon";"CH33";"K";"2";0.00545710309397604
"466";"Diazinon";"CH34";"L";"2";0.00274392032152185
"467";"Diazinon";"RO9";"H";"1";0.00180499055435472
"468";"Diazinon";"RO4";"D";"1";0.00166947295672455
"469";"Diazinon";"CH71";"E";"B";0.0083703317301708
"470";"Diazinon";"CH82";"M";"B";0.00679812258120248
"471";"Diazinon";"CH28";"F";"2";0.0011420420487595
"472";"Diazinon";"CH25";"D";"2";0.0105961906493413
"473";"Diazinon";"CH56";"K";"3";0.0168163488192209
"474";"Diazinon";"CH53";"H";"3";0.00401882932683531
"475";"Diazinon";"CH57";"L";"3";0.000525560440432854
"476";"Diazinon";"RO16";"P";"1";0.00858542146725827
"477";"Diazinon";"CH68";"B";"B";0.00293667230063387
"478";"Diazinon";"CH84";"O";"B";0.000255667137355737
"479";"Diazinon";"CH69";"C";"B";0.000252215008426182
"480";"Diazinon";"RO7";"F";"1";0.00162672693897412
"481";"Diazinon";"CH83";"N";"B";0.00313091568657511
"482";"Diazinon";"CH49";"E";"3";0.0209604973378304
"483";"Diazinon";"CH43";"A";"3";0.00585829992137607
"484";"Diazinon";"CH39";"Q";"2";0.031936961495507
"485";"Diazinon";"CH76";"H";"B";0.0223400021341589
"486";"Diazinon";"CH23";"C";"2";0.00050785032849286
"487";"Diazinon";"CH93";"T";"B";0.0118121104229816
"488";"Diazinon";"CH27";"E";"2";0.0200078050636414
"489";"Diazinon";"RO11";"K";"1";0.00243347469791118
"490";"Diazinon";"CH44";"B";"3";0.00295605179331996
"491";"Diazinon";"CH29";"G";"2";0.0131319742713567
"492";"Diazinon";"CH42";"T";"2";0.0550843714848478
"493";"Diazinon";"CH21";"A";"2";0.00172551129510814
"494";"Diazinon";"CH78";"K";"B";0.00161895671507575
"495";"Diazinon";"CH67";"A";"B";0.00181603707585457
"496";"Diazinon";"CH51";"G";"3";0.0323998075247534
"497";"Diazinon";"CH88";"R";"B";0.000528089973020692
"498";"Diazinon";"CH54";"I";"3";0.00423299194255692
"499";"Diazinon";"CH58";"M";"3";0.0376166301551218
"500";"Diazinon";"CH35";"M";"2";0.000306307726387634
"501";"Diazinon";"CH80";"L";"B";0.000565217134268005
"506";"Dichlorvos";"CH87";"Q";"B";0.0186539774632614
"507";"Dichlorvos";"CH82";"M";"B";0.00199025911901563
"508";"Dichlorvos";"CH58";"M";"3";5.60780696590945e-05
"509";"Dichlorvos";"CH47";"D";"3";0.000153272057806619
"510";"Dichlorvos";"CH56";"K";"3";0.0014595122768997
"511";"Dichlorvos";"CH62";"Q";"3";0.000869167676710427
"512";"Difenoconazol";"CH21";"A";"2";0.00068308903203763
"513";"Difenoconazol";"CH43";"A";"3";0.000382661748789443
"514";"Dimethenamid";"CH66";"T";"3";0.0444922998671539
"515";"Dimethenamid";"RO7";"F";"1";0.00173861592961237
"516";"Dimethenamid";"CH42";"T";"2";0.000324694432773242
"517";"Dimethenamid";"CH54";"I";"3";0.000319145054898177
"518";"Dimethenamid";"CH38";"P";"2";0.0270326214441905
"519";"Dimethenamid";"RO8";"G";"1";0.00172328688200015
"520";"Dimethenamid";"CH93";"T";"B";0.024142197459868
"521";"Dimethenamid";"CH85";"P";"B";0.220722034835059
"522";"Dimethenamid";"CH51";"G";"3";0.00271351365440156
"523";"Dimethenamid";"CH37";"O";"2";0.0106847569498327
"524";"Dimethenamid";"CH77";"I";"B";0.00034414621151225
"525";"Dimethenamid";"RO15";"O";"1";0.00274070893953292
"526";"Dimethenamid";"CH28";"F";"2";0.000724395769729597
"527";"Dimethenamid";"CH61";"P";"3";1.47977226747746
"528";"Dimethenamid";"CH74";"G";"B";0.000163680851343488
"529";"Dimethenamid";"CH72";"F";"B";0.000248135971353409
"530";"Dimethenamid";"CH50";"F";"3";0.000550818527489719
"531";"Dimethenamid";"RO16";"P";"1";0.0130285347643359
"532";"Dimethenamid";"CH53";"H";"3";0.00533001614688198
"533";"Dimethenamid";"CH84";"O";"B";0.000248659637829885
"534";"Dimethenamid";"CH49";"E";"3";0.000435598241675265
"535";"Dimethenamid";"CH29";"G";"2";0.00578999334852369
"536";"Dimethoat";"CH38";"P";"2";0.00885371733253822
"537";"Dimethoat";"CH78";"K";"B";0.00106082808026076
"538";"Dimethoat";"CH61";"P";"3";0.000731972680518064
"539";"Dimethoat";"CH74";"G";"B";0.00243570013016772
"540";"Dimethoat";"CH69";"C";"B";0.1793124457069
"541";"Dimethoat";"CH50";"F";"3";0.00061628676758407
"542";"Dimethoat";"RO3";"C";"1";0.00143539875941871
"543";"Dimethoat";"CH29";"G";"2";0.00160048915968314
"544";"Dimethoat";"CH88";"R";"B";0.00375445954650022
"545";"Dimethoat";"CH72";"F";"B";0.00168427950220826
"546";"Dimethoat";"CH51";"G";"3";0.00123400001704939
"547";"Dimethoat";"CH71";"E";"B";0.00252381643917586
"548";"Dimethoat";"CH21";"A";"2";0.00504509025067649
"549";"Dimethoat";"CH53";"H";"3";0.000265045423484203
"550";"Dimethoat";"CH83";"N";"B";0.00182453017187657
"551";"Dimethoat";"CH43";"A";"3";0.00161144387741193
"552";"Dimethoat";"CH70";"D";"B";0.0103290299004885
"553";"Dimethoat";"CH40";"R";"2";0.00548474675632329
"554";"Dimethoat";"CH85";"P";"B";0.00202674426847144
"555";"Dimethomorph";"CH38";"P";"2";6.64706898915916e-05
"556";"Dimethomorph";"CH46";"C";"3";0.000203054655340662
"557";"Dimethomorph";"CH51";"G";"3";0.000426164756725488
"558";"Dimethomorph";"CH82";"M";"B";0.00178835646094181
"559";"Dimethomorph";"CH57";"L";"3";6.28441828832949e-05
"560";"Dimethomorph";"CH78";"K";"B";0.000137384785607483
"561";"Dimethomorph";"CH21";"A";"2";6.87763252675924e-05
"562";"Dimethomorph";"CH34";"L";"2";6.80974308783179e-05
"563";"Dimethomorph";"CH90";"S";"B";0.000554645308873146
"564";"Dimethomorph";"CH33";"K";"2";6.52536147066876e-05
"565";"Dimethomorph";"CH56";"K";"3";6.91220850432426e-05
"566";"Dimethomorph";"CH93";"T";"B";0.000675514636257268
"567";"Dimethomorph";"CH87";"Q";"B";5.96326759279293e-05
"568";"Dimethomorph";"CH44";"B";"3";0.00256767063829465
"569";"Dimethomorph";"CH22";"B";"2";0.000146500024586983
"570";"Dimethomorph";"CH69";"C";"B";0.000265397003056495
"571";"Dimethomorph";"CH42";"T";"2";0.000197602333582453
"572";"Dimethomorph";"CH27";"E";"2";0.000131584444923684
"573";"Dimethomorph";"CH40";"R";"2";0.000270595709054757
"574";"Dimethomorph";"CH36";"N";"2";6.63408240865116e-05
"575";"Dimethomorph";"CH23";"C";"2";0.000166997837510121
"576";"Dimethomorph";"CH65";"S";"3";6.56663593662369e-05
"577";"Dimethomorph";"CH53";"H";"3";6.86505369893131e-05
"578";"Dimethomorph";"CH25";"D";"2";6.63690452164896e-05
"579";"Dimethomorph";"CH29";"G";"2";6.90915786015391e-05
"580";"Dimethomorph";"CH63";"R";"3";6.73857072631495e-05
"581";"Dimethomorph";"CH30";"H";"2";6.0717630295662e-05
"582";"Dimethomorph";"CH70";"D";"B";0.00237810289245499
"583";"Dimethomorph";"CH77";"I";"B";0.00160570885049646
"584";"Dimethomorph";"CH74";"G";"B";0.000597676737084505
"585";"Dimethomorph";"CH61";"P";"3";6.319711406256e-05
"586";"Dimethomorph";"CH37";"O";"2";6.66925401140757e-05
"587";"Dimethomorph";"CH71";"E";"B";0.000756920859223475
"588";"Dimethomorph";"CH66";"T";"3";6.68570268056171e-05
"589";"Dimethomorph";"CH80";"L";"B";6.75861541737339e-05
"590";"Dimethomorph";"CH76";"H";"B";0.000783586677583566
"591";"Dimethomorph";"CH50";"F";"3";6.38508176868425e-05
"592";"Dimethomorph";"CH88";"R";"B";0.000208383955407382
"593";"Dimethomorph";"CH72";"F";"B";0.000335578740680337
"594";"Dimethomorph";"CH32";"I";"2";6.6690191166083e-05
"595";"Dimethomorph";"CH84";"O";"B";0.000269029557192689
"596";"Dimethomorph";"CH47";"D";"3";6.533028837051e-05
"597";"Dimethomorph";"CH68";"B";"B";0.0246413398460621
"598";"Dimethomorph";"CH39";"Q";"2";0.0015275519955858
"599";"Dimethomorph";"CH58";"M";"3";7.17077172679281e-05
"600";"Dimethomorph";"CH49";"E";"3";7.06922943513549e-05
"601";"Dimethomorph";"CH54";"I";"3";6.47416988957348e-05
"602";"Dimethomorph";"CH60";"N";"3";0.000262572190988664
"603";"Dimethomorph";"CH85";"P";"B";0.000432316385972716
"604";"Dimethomorph";"CH43";"A";"3";6.4213369140922e-05
"605";"Dimethomorph";"CH67";"A";"B";0.00051647353771986
"606";"Dimethomorph";"CH41";"S";"2";6.93107254318299e-05
"607";"Dimethomorph";"CH83";"N";"B";0.00148524917348199
"608";"Dimethomorph";"CH28";"F";"2";6.53114550688009e-05
"609";"Dimethomorph";"CH62";"Q";"3";6.53773762593102e-05
"610";"Dimethomorph";"CH35";"M";"2";0.000134298696681447
"637";"Diuron";"CH62";"Q";"3";0.000649566244535377
"638";"Diuron";"CH71";"E";"B";0.00468810086184221
"639";"Diuron";"CH50";"F";"3";0.00362513659516442
"640";"Diuron";"CH69";"C";"B";0.000565047807656338
"641";"Diuron";"CH28";"F";"2";0.00194673382544044
"642";"Diuron";"RO2";"B";"1";0.000725451672415761
"643";"Diuron";"CH49";"E";"3";0.000802712424157538
"644";"Diuron";"CH85";"P";"B";0.000350640089834158
"645";"Diuron";"CH87";"Q";"B";0.000592488955207712
"646";"Diuron";"CH46";"C";"3";0.00105677444369176
"647";"Diuron";"CH66";"T";"3";0.000379581442019457
"648";"Diuron";"CH72";"F";"B";0.00542996727339165
"649";"Diuron";"CH88";"R";"B";0.00473240800954114
"650";"Diuron";"CH39";"Q";"2";0.00180681079507786
"651";"Diuron";"RO8";"G";"1";0.00087850734214832
"652";"Diuron";"CH56";"K";"3";0.000294330999706165
"653";"Diuron";"CH93";"T";"B";0.00134233439917169
"654";"Diuron";"RO17";"Q";"1";0.0011968892758522
"655";"Diuron";"CH29";"G";"2";0.00205940769463801
"656";"Diuron";"CH74";"G";"B";0.00141388153549179
"657";"Diuron";"RO7";"F";"1";0.00180218781122948
"658";"Diuron";"CH77";"I";"B";0.000792732882268994
"659";"Diuron";"CH51";"G";"3";0.00695621973928633
"660";"Diuron";"CH40";"R";"2";0.000480096831042132
"661";"Diuron";"CH78";"K";"B";0.000390001750930695
"662";"Diuron";"CH42";"T";"2";0.0024307600114452
"663";"Epoxiconazol";"CH70";"D";"B";0.000126930889168262
"664";"Epoxiconazol";"CH41";"S";"2";0.000799081133010819
"665";"Epoxiconazol";"CH53";"H";"3";0.000197867460401839
"666";"Epoxiconazol";"CH37";"O";"2";0.000320373399316945
"667";"Epoxiconazol";"CH88";"R";"B";0.000133469552552217
"668";"Epoxiconazol";"CH36";"N";"2";0.000254947078515578
"669";"Epoxiconazol";"CH77";"I";"B";0.000134146129678448
"670";"Epoxiconazol";"CH62";"Q";"3";6.28111397010581e-05
"671";"Epoxiconazol";"CH49";"E";"3";0.000271669732274333
"672";"Epoxiconazol";"CH39";"Q";"2";0.000244598583600766
"673";"Epoxiconazol";"CH35";"M";"2";0.00012902711429517
"674";"Epoxiconazol";"CH29";"G";"2";0.000265518198741719
"675";"Epoxiconazol";"CH65";"S";"3";0.000441621456146713
"676";"Epoxiconazol";"RO19";"S";"1";0.000604727140125147
"677";"Epoxiconazol";"CH27";"E";"2";0.000252838808330449
"678";"Epoxiconazol";"CH74";"G";"B";0.000319009071954012
"679";"Epoxiconazol";"CH90";"S";"B";0.00133218499936385
"680";"Epoxiconazol";"CH61";"P";"3";0.000182149375848739
"681";"Epoxiconazol";"CH34";"L";"2";0.000130848849828906
"682";"Epoxiconazol";"CH33";"K";"2";0.000250768944479145
"683";"Epoxiconazol";"CH42";"T";"2";0.000379691828888133
"684";"Epoxiconazol";"CH54";"I";"3";0.000124400828742183
"685";"Epoxiconazol";"CH71";"E";"B";0.000330549861237776
"686";"Epoxiconazol";"CH63";"R";"3";6.47406383512912e-05
"687";"Epoxiconazol";"CH22";"B";"2";0.000140749507506139
"688";"Epoxiconazol";"CH72";"F";"B";0.000193443827521996
"691";"Fenamidone";"CH87";"Q";"B";0.00021571677750971
"692";"Fenamidone";"CH72";"F";"B";0.000242786235612897
"693";"Fenamidone";"CH41";"S";"2";6.26816007514265e-05
"694";"Fenamidone";"CH60";"N";"3";0.000118729425651203
"695";"Fenamidone";"CH54";"I";"3";0.000995342727215118
"696";"Fenamidone";"CH76";"H";"B";0.000708641656430764
"697";"Fenamidone";"CH77";"I";"B";0.000252544893242716
"698";"Fenamidone";"CH93";"T";"B";0.000549815409102041
"699";"Fenamidone";"CH88";"R";"B";0.000314088952670956
"700";"Fenamidone";"CH67";"A";"B";0.000233538084389794
"701";"Fenamidone";"CH68";"B";"B";0.00138525607968038
"702";"Fenamidone";"CH74";"G";"B";0.000420398848250327
"703";"Fenamidone";"CH85";"P";"B";0.0042447965882434
"704";"Fenamidone";"CH51";"G";"3";0.00012846828043311
"705";"Fenamidone";"CH90";"S";"B";0.000940494479556561
"706";"Fenamidone";"CH82";"M";"B";0.000124408590653606
"707";"Fenamidone";"CH53";"H";"3";6.20845550832889e-05
"708";"Fenamidone";"CH62";"Q";"3";5.91244511052245e-05
"709";"Fenamidone";"CH84";"O";"B";0.000851545142000396
"710";"Fenamidone";"CH83";"N";"B";0.00024421720940814
"711";"Fenamidone";"CH58";"M";"3";6.48493357497062e-05
"712";"Fenamidone";"CH70";"D";"B";0.000358442110082194
"713";"Fenamidone";"CH69";"C";"B";0.000120006744140732
"714";"Fenamidone";"CH49";"E";"3";0.000127862062996069
"715";"Fenamidone";"CH80";"L";"B";6.11219736317582e-05
"716";"Fenamidone";"CH71";"E";"B";0.000124459318532393
"717";"Fenamidone";"CH47";"D";"3";0.000118163733739693
"719";"Fluopicolide";"CH69";"C";"B";0.00188834441735651
"720";"Fluopicolide";"CH47";"D";"3";0.000450750075279468
"721";"Fluopicolide";"CH46";"C";"3";0.000291872344179682
"722";"Fluopicolide";"CH70";"D";"B";0.000398802090443567
"723";"Fluopyram";"CH25";"D";"2";0.00168854574937098
"724";"Fluopyram";"CH70";"D";"B";0.00274504979942702
"725";"Fluopyram";"CH47";"D";"3";0.00155131007758936
"726";"Fluopyram";"CH49";"E";"3";0.000719414737704287
"727";"Fluopyram";"CH71";"E";"B";0.000408490382325209
"736";"Imidacloprid";"CH93";"T";"B";0.00421349602498335
"737";"Imidacloprid";"RO15";"O";"1";0.000148996828451334
"738";"Imidacloprid";"CH41";"S";"2";0.021616146447529
"739";"Imidacloprid";"CH33";"K";"2";0.00685502080122038
"740";"Imidacloprid";"CH27";"E";"2";0.0539968953685678
"741";"Imidacloprid";"CH70";"D";"B";0.00227704526407204
"742";"Imidacloprid";"RO4";"D";"1";0.000262824305292852
"743";"Imidacloprid";"CH71";"E";"B";0.0214602915680536
"744";"Imidacloprid";"CH42";"T";"2";0.00345975241669532
"745";"Imidacloprid";"CH30";"H";"2";0.00508287252743866
"746";"Imidacloprid";"CH61";"P";"3";0.186721350648982
"747";"Imidacloprid";"CH46";"C";"3";0.00577722482029694
"748";"Imidacloprid";"CH74";"G";"B";0.272513536884129
"749";"Imidacloprid";"CH29";"G";"2";0.158773266547253
"750";"Imidacloprid";"CH51";"G";"3";0.12824581290099
"751";"Imidacloprid";"CH69";"C";"B";0.00239597858771726
"752";"Imidacloprid";"RO16";"P";"1";0.000315509963768903
"753";"Imidacloprid";"RO12";"L";"1";0.000285352114253152
"754";"Imidacloprid";"CH65";"S";"3";0.0183238230463575
"755";"Imidacloprid";"CH49";"E";"3";0.0533769971028802
"756";"Imidacloprid";"CH23";"C";"2";0.0685291089234824
"757";"Imidacloprid";"RO3";"C";"1";0.000228850408468148
"758";"Imidacloprid";"CH72";"F";"B";0.0649981021314508
"759";"Imidacloprid";"CH76";"H";"B";0.00643104097391196
"760";"Imidacloprid";"CH85";"P";"B";0.064879554551934
"761";"Imidacloprid";"CH40";"R";"2";0.00499686546450786
"762";"Imidacloprid";"RO13";"M";"1";0.000596655150216161
"763";"Imidacloprid";"CH66";"T";"3";0.0070234624015899
"764";"Imidacloprid";"RO9";"H";"1";0.000472367832003762
"765";"Imidacloprid";"CH67";"A";"B";0.00307312562742111
"766";"Imidacloprid";"RO17";"Q";"1";0.000237281287188255
"767";"Imidacloprid";"CH25";"D";"2";0.001851990352503
"768";"Imidacloprid";"CH50";"F";"3";0.0733649679240883
"769";"Imidacloprid";"CH77";"I";"B";0.0183350955051264
"770";"Imidacloprid";"RO18";"R";"1";0.00030716457809947
"771";"Imidacloprid";"RO11";"K";"1";0.000375282341001298
"772";"Imidacloprid";"RO8";"G";"1";0.000301021784643982
"773";"Imidacloprid";"RO7";"F";"1";0.000694712480839897
"774";"Imidacloprid";"CH84";"O";"B";0.0585113480197589
"775";"Imidacloprid";"CH37";"O";"2";0.0056925234848117
"776";"Imidacloprid";"RO19";"S";"1";0.000497455332504032
"777";"Imidacloprid";"CH62";"Q";"3";0.00761921212389186
"778";"Imidacloprid";"RO10";"I";"1";0.000260836561457602
"779";"Imidacloprid";"RO2";"B";"1";0.000305071825134735
"780";"Imidacloprid";"CH88";"R";"B";0.00695499922990592
"781";"Imidacloprid";"CH54";"I";"3";0.00541974054478782
"782";"Imidacloprid";"RO6";"E";"1";0.00344822342792411
"783";"Imidacloprid";"CH38";"P";"2";0.0109107452305155
"784";"Imidacloprid";"CH32";"I";"2";0.00372190349411506
"785";"Imidacloprid";"CH87";"Q";"B";0.00323014833640423
"786";"Imidacloprid";"CH21";"A";"2";0.00203205613691885
"787";"Imidacloprid";"CH28";"F";"2";0.0364495780527819
"788";"Imidacloprid";"CH44";"B";"3";0.00144502960667749
"789";"Imidacloprid";"CH47";"D";"3";0.00171576888017084
"790";"Imidacloprid";"CH39";"Q";"2";0.00595502850335806
"791";"Imidacloprid";"CH63";"R";"3";0.0101760644052197
"792";"Imidacloprid";"CH90";"S";"B";0.0614530363095748
"793";"Imidacloprid";"CH53";"H";"3";0.0045074213627094
"794";"Imidacloprid";"RO14";"N";"1";0.000343771166013843
"795";"Iprovalicarb";"CH85";"P";"B";0.00302416727471015
"796";"Iprovalicarb";"CH69";"C";"B";0.00926895967957137
"797";"Iprovalicarb";"CH88";"R";"B";0.00090034460723879
"798";"Irgarol";"CH47";"D";"3";0.000690749550399499
"799";"Irgarol";"CH70";"D";"B";7.76053508465275e-05
"800";"Isoproturon";"CH88";"R";"B";0.00449267529614287
"801";"Isoproturon";"CH51";"G";"3";0.0017500843537405
"802";"Isoproturon";"CH63";"R";"3";0.0269807400386152
"803";"Lenacil";"CH74";"G";"B";0.00355517246472855
"804";"Lenacil";"CH58";"M";"3";0.00895734936387879
"805";"Lenacil";"CH93";"T";"B";0.00646561239399708
"806";"Lenacil";"CH82";"M";"B";0.0189693544764994
"807";"Lenacil";"CH29";"G";"2";0.00526800118757581
"808";"Lenacil";"CH61";"P";"3";0.00246054537806575
"809";"Lenacil";"RO16";"P";"1";0.0389781976786704
"810";"Lenacil";"CH35";"M";"2";0.0017429489848364
"867";"Mandipropamid";"CH68";"B";"B";0.0065877585401924
"868";"Mandipropamid";"RO4";"D";"1";0.000999777779505222
"869";"Mandipropamid";"RO1";"A";"1";0.00103148506514331
"870";"Mandipropamid";"RO11";"K";"1";0.000683728802846805
"871";"MCPA";"CH23";"C";"2";0.0068069427374495
"872";"MCPA";"CH71";"E";"B";0.00747941740365607
"873";"Metalaxyl";"CH29";"G";"2";0.0111836173038841
"874";"Metalaxyl";"CH56";"K";"3";0.0074016596448961
"875";"Metalaxyl";"CH74";"G";"B";0.0206717708072393
"876";"Metalaxyl";"CH77";"I";"B";0.00869266203122539
"877";"Metalaxyl";"CH78";"K";"B";0.00273698522223888
"878";"Metalaxyl";"CH68";"B";"B";0.00190723522819981
"879";"Metalaxyl";"CH32";"I";"2";0.0141164246144814
"880";"Metalaxyl";"CH33";"K";"2";0.0414370261978424
"881";"Metalaxyl";"RO11";"K";"1";0.0193578287094322
"882";"Metalaxyl";"CH70";"D";"B";0.00608658497561947
"883";"Metalaxyl";"CH61";"P";"3";0.00314753861776873
"884";"Metalaxyl";"CH93";"T";"B";0.00285974632010178
"885";"Metalaxyl";"CH51";"G";"3";0.00477566517198032
"886";"Metalaxyl";"CH54";"I";"3";0.014510100692834
"887";"Metalaxyl";"CH76";"H";"B";0.00308960688107368
"888";"Metamitron";"CH49";"E";"3";0.000263064868808996
"889";"Metamitron";"CH61";"P";"3";0.00052913993686535
"890";"Metamitron";"CH85";"P";"B";0.000459646999126523
"891";"Metamitron";"CH44";"B";"3";6.82499057363919e-05
"892";"Methidathion";"CH33";"K";"2";0.00107806722093699
"893";"Metolachlor";"CH56";"K";"3";0.021348742263018
"894";"Metolachlor";"CH34";"L";"2";0.0124635686505322
"895";"Metolachlor";"CH85";"P";"B";0.00600501757050585
"896";"Metolachlor";"CH77";"I";"B";0.00231594724850777
"897";"Metolachlor";"CH23";"C";"2";0.0034385476935527
"898";"Metolachlor";"CH40";"R";"2";0.00185722215554458
"899";"Metolachlor";"CH66";"T";"3";0.145308948513911
"900";"Metolachlor";"CH71";"E";"B";0.0306982837144858
"901";"Metolachlor";"CH25";"D";"2";0.0174616430413636
"902";"Metolachlor";"CH88";"R";"B";0.00103294708604393
"903";"Metolachlor";"CH50";"F";"3";0.0803435187738631
"904";"Metolachlor";"CH51";"G";"3";0.0974987902145781
"905";"Metolachlor";"CH43";"A";"3";0.00102836004048368
"906";"Metolachlor";"CH49";"E";"3";0.0889521525979756
"907";"Metolachlor";"CH78";"K";"B";0.00369316067567623
"908";"Metolachlor";"CH32";"I";"2";0.00137317588320762
"909";"Metolachlor";"CH76";"H";"B";0.0171800860015647
"910";"Metolachlor";"CH38";"P";"2";0.0167280210800408
"911";"Metolachlor";"CH67";"A";"B";0.00103389830510363
"912";"Metolachlor";"CH54";"I";"3";0.00614686795646314
"913";"Metolachlor";"CH44";"B";"3";0.00167839032039285
"914";"Metolachlor";"CH65";"S";"3";0.025539568538788
"915";"Metolachlor";"CH57";"L";"3";0.00352251510262142
"916";"Metolachlor";"CH69";"C";"B";0.00227692632217569
"917";"Metolachlor";"CH58";"M";"3";0.00754649736580805
"918";"Metolachlor";"CH80";"L";"B";0.00347906023837143
"919";"Metolachlor";"CH37";"O";"2";0.00396709227466341
"920";"Metolachlor";"CH63";"R";"3";0.000693748409389066
"921";"Metolachlor";"CH28";"F";"2";0.0019424703902962
"922";"Metolachlor";"CH84";"O";"B";0.00292358215303916
"923";"Metolachlor";"CH41";"S";"2";0.0396426016690252
"924";"Metolachlor";"CH60";"N";"3";0.00976166251719145
"925";"Metolachlor";"CH90";"S";"B";0.0118962016215355
"926";"Metolachlor";"CH27";"E";"2";0.0481666265965016
"927";"Metolachlor";"CH21";"A";"2";0.00141613016159911
"928";"Metolachlor";"CH36";"N";"2";0.00318729199803889
"929";"Metolachlor";"CH93";"T";"B";0.0363182004388294
"930";"Metolachlor";"CH33";"K";"2";0.013435962386762
"931";"Metolachlor";"CH46";"C";"3";0.0100653005713299
"932";"Metolachlor";"CH83";"N";"B";0.00339798153874499
"933";"Metolachlor";"CH30";"H";"2";0.00659827054542137
"934";"Metolachlor";"CH61";"P";"3";0.0180729461696234
"935";"Metolachlor";"CH22";"B";"2";0.00134066226155229
"936";"Metolachlor";"CH68";"B";"B";0.00144746441371991
"937";"Metolachlor";"CH39";"Q";"2";0.00123772847265171
"938";"Metolachlor";"CH82";"M";"B";0.00149494784343228
"939";"Metolachlor";"CH42";"T";"2";0.0663048331432201
"940";"Metolachlor";"CH35";"M";"2";0.000614502266890645
"941";"Metolachlor";"CH72";"F";"B";0.0107484086871116
"942";"Metolachlor";"CH29";"G";"2";1.10648326848935
"943";"Metolachlor";"CH47";"D";"3";0.00149463886442332
"944";"Metolachlor";"CH62";"Q";"3";0.000299143230034479
"945";"Metolachlor";"CH74";"G";"B";0.455792099851122
"946";"Metolachlor";"CH53";"H";"3";0.0212031020112566
"947";"Metolachlor";"CH70";"D";"B";0.00105790793839918
"951";"Metribuzin";"RO4";"D";"1";0.0358294111638314
"952";"Metribuzin";"CH88";"R";"B";0.00605989392474017
"953";"Metribuzin";"CH32";"I";"2";0.171899509602844
"954";"Metribuzin";"RO7";"F";"1";0.839170475464428
"955";"Metribuzin";"CH54";"I";"3";0.154040408177287
"956";"Metribuzin";"CH93";"T";"B";0.0455389490146193
"957";"Metribuzin";"RO11";"K";"1";0.0376254164780658
"958";"Metribuzin";"CH85";"P";"B";0.0367362003231022
"959";"Metribuzin";"CH62";"Q";"3";0.011666466006047
"960";"Metribuzin";"CH82";"M";"B";0.0204569706580646
"961";"Metribuzin";"RO10";"I";"1";0.450106744740237
"962";"Metribuzin";"CH56";"K";"3";0.0548208978949512
"963";"Metribuzin";"CH40";"R";"2";0.0187783864761453
"964";"Metribuzin";"CH57";"L";"3";0.0286590798774999
"965";"Metribuzin";"CH77";"I";"B";0.063674584531859
"966";"Metribuzin";"CH33";"K";"2";0.0595157250957485
"967";"Metribuzin";"CH80";"L";"B";0.0036181854424069
"968";"Metribuzin";"CH71";"E";"B";0.0286514368465159
"969";"Metribuzin";"CH69";"C";"B";0.0618305634392174
"970";"Metribuzin";"CH51";"G";"3";0.0506988495795353
"971";"Metribuzin";"CH66";"T";"3";0.0172329542327578
"972";"Metribuzin";"CH27";"E";"2";0.0365259829087086
"973";"Metribuzin";"CH21";"A";"2";0.136366687388188
"974";"Metribuzin";"CH37";"O";"2";0.00502493187695124
"975";"Metribuzin";"CH49";"E";"3";0.0364430526265398
"976";"Metribuzin";"CH25";"D";"2";0.0526374551479805
"977";"Metribuzin";"CH74";"G";"B";0.0197507878978426
"978";"Metribuzin";"RO2";"B";"1";0.0506698819962842
"979";"Metribuzin";"CH22";"B";"2";0.0435710754627113
"980";"Metribuzin";"CH60";"N";"3";0.182215826610747
"981";"Metribuzin";"CH34";"L";"2";0.0032404945274032
"982";"Metribuzin";"CH29";"G";"2";0.060276373476018
"983";"Metribuzin";"RO3";"C";"1";0.147433275496276
"984";"Metribuzin";"CH53";"H";"3";0.0530857391593587
"985";"Metribuzin";"CH42";"T";"2";0.04832166181221
"986";"Metribuzin";"CH90";"S";"B";0.023369186882015
"987";"Metribuzin";"CH44";"B";"3";0.0814570392671198
"988";"Metribuzin";"CH38";"P";"2";0.056671925027577
"989";"Metribuzin";"CH30";"H";"2";0.180582389592606
"990";"Metribuzin";"CH61";"P";"3";0.0300730731873478
"991";"Metribuzin";"CH63";"R";"3";0.00868461300697796
"992";"Metribuzin";"CH28";"F";"2";0.194245041624044
"993";"Metribuzin";"CH78";"K";"B";0.0110322218515808
"994";"Metribuzin";"CH84";"O";"B";0.0130687907479485
"995";"Metribuzin";"CH43";"A";"3";0.052200977657678
"996";"Metribuzin";"CH70";"D";"B";0.103472407690993
"997";"Metribuzin";"RO1";"A";"1";0.00719706245123692
"998";"Metribuzin";"CH36";"N";"2";0.42092058319576
"999";"Metribuzin";"CH41";"S";"2";0.0426021445193438
"1000";"Metribuzin";"CH58";"M";"3";0.0682458831066657
"1001";"Metribuzin";"CH46";"C";"3";0.214724204197274
"1002";"Metribuzin";"CH67";"A";"B";0.0140805654611778
"1003";"Metribuzin";"CH39";"Q";"2";0.0214537395856132
"1004";"Metribuzin";"CH68";"B";"B";0.0171662435454159
"1005";"Metribuzin";"CH47";"D";"3";0.155440843514785
"1006";"Metribuzin";"CH23";"C";"2";0.496674004033551
"1007";"Metribuzin";"CH83";"N";"B";0.0776379313590679
"1008";"Metribuzin";"CH72";"F";"B";0.0239533501924019
"1009";"Metribuzin";"CH76";"H";"B";0.0336626629425631
"1010";"Metribuzin";"CH65";"S";"3";0.0208320612996414
"1011";"Metribuzin";"CH50";"F";"3";0.105078503434382
"1012";"Metribuzin";"RO6";"E";"1";0.0549263002185099
"1013";"Metribuzin";"RO14";"N";"1";0.0138418228543519
"1014";"Metribuzin";"CH35";"M";"2";0.129146565088151
"1015";"Metribuzin";"CH87";"Q";"B";0.0118237059696715
"1019";"Myclobutanil";"CH76";"H";"B";0.00106398334537121
"1050";"Nicosulfuron";"CH77";"I";"B";0.0876098549586283
"1051";"Nicosulfuron";"CH49";"E";"3";0.099801850920101
"1052";"Nicosulfuron";"CH30";"H";"2";0.190488524718798
"1053";"Nicosulfuron";"CH54";"I";"3";0.0165029455257678
"1054";"Nicosulfuron";"CH72";"F";"B";0.113176669358649
"1055";"Nicosulfuron";"CH84";"O";"B";0.0145066359655408
"1056";"Nicosulfuron";"CH90";"S";"B";0.126427726395792
"1057";"Nicosulfuron";"CH65";"S";"3";0.218889980547157
"1058";"Nicosulfuron";"CH71";"E";"B";0.0647639081404421
"1059";"Nicosulfuron";"CH25";"D";"2";0.0963011141909508
"1060";"Nicosulfuron";"CH66";"T";"3";0.0406389777750133
"1061";"Nicosulfuron";"CH85";"P";"B";0.217976755554562
"1062";"Nicosulfuron";"CH32";"I";"2";0.0287685958617779
"1063";"Nicosulfuron";"CH87";"Q";"B";0.0140313535054377
"1064";"Nicosulfuron";"CH61";"P";"3";0.136308818606379
"1065";"Nicosulfuron";"CH93";"T";"B";0.0834467323286158
"1066";"Nicosulfuron";"CH29";"G";"2";0.0338687482897583
"1067";"Nicosulfuron";"CH27";"E";"2";0.00774033629134975
"1068";"Nicosulfuron";"CH53";"H";"3";0.0524979769564239
"1069";"Nicosulfuron";"CH51";"G";"3";0.105845864743704
"1070";"Nicosulfuron";"CH50";"F";"3";0.350556897676191
"1071";"Nicosulfuron";"CH74";"G";"B";0.286470922143892
"1072";"Nicosulfuron";"CH76";"H";"B";0.0358507174360345
"1090";"Pencycuron";"CH50";"F";"3";0.000909625527293805
"1091";"Pencycuron";"CH49";"E";"3";0.0443119569270806
"1092";"Pencycuron";"CH47";"D";"3";0.000372280889486728
"1093";"Pencycuron";"CH28";"F";"2";0.000372173569000516
"1094";"Pencycuron";"CH66";"T";"3";0.00342882828556156
"1095";"Pencycuron";"RO6";"E";"1";0.0111816236475032
"1096";"Pencycuron";"CH53";"H";"3";0.00352081021688763
"1097";"Pencycuron";"CH29";"G";"2";0.00039371438546158
"1098";"Pencycuron";"CH85";"P";"B";0.000527899296867091
"1099";"Pencycuron";"CH27";"E";"2";0.0524878472060182
"1100";"Pencycuron";"CH39";"Q";"2";0.000181347232475062
"1101";"Pencycuron";"CH30";"H";"2";0.00570893272681893
"1102";"Pencycuron";"CH76";"H";"B";0.00223261179918838
"1103";"Pencycuron";"CH36";"N";"2";0.00245725589929928
"1104";"Pencycuron";"CH42";"T";"2";0.00206438013618016
"1105";"Pencycuron";"CH93";"T";"B";0.00577407193324154
"1106";"Pencycuron";"CH65";"S";"3";0.000935489926799895
"1107";"Pencycuron";"CH60";"N";"3";0.000935157826999804
"1108";"Pencycuron";"CH41";"S";"2";0.00217229749585932
"1109";"Pencycuron";"CH71";"E";"B";0.0294086588636969
"1162";"Picoxystrobin";"CH84";"O";"B";0.0502885708016303
"1163";"Picoxystrobin";"CH74";"G";"B";0.0241903484736739
"1164";"Picoxystrobin";"CH37";"O";"2";0.767172787879007
"1165";"Picoxystrobin";"CH82";"M";"B";0.000659349111184678
"1166";"Picoxystrobin";"CH39";"Q";"2";0.00109822657927633
"1167";"Picoxystrobin";"CH41";"S";"2";0.00172746189901331
"1168";"Picoxystrobin";"CH42";"T";"2";0.00277816589673554
"1169";"Picoxystrobin";"CH25";"D";"2";0.000127241930807931
"1170";"Picoxystrobin";"CH30";"H";"2";0.000349221319413345
"1171";"Picoxystrobin";"CH49";"E";"3";0.00027106082352603
"1172";"Picoxystrobin";"CH40";"R";"2";0.000259391410379321
"1173";"Picoxystrobin";"CH32";"I";"2";0.00025571525587697
"1174";"Picoxystrobin";"CH85";"P";"B";0.00177606802856152
"1175";"Picoxystrobin";"CH38";"P";"2";0.0107046914309769
"1176";"Picoxystrobin";"CH61";"P";"3";0.0157508965590101
"1186";"Prochloraz";"CH74";"G";"B";0.00936915273916089
"1187";"Prochloraz";"CH36";"N";"2";0.000287987724996258
"1188";"Prochloraz";"CH85";"P";"B";0.000469174954446339
"1189";"Prochloraz";"CH60";"N";"3";0.000284958654687117
"1190";"Prochloraz";"CH51";"G";"3";0.0146457968415704
"1191";"Prochloraz";"CH29";"G";"2";0.0142466199894612
"1192";"Prochloraz";"CH83";"N";"B";0.00014653445652308
"1193";"Prochloraz";"CH61";"P";"3";0.000137170387584212
"1275";"Propamocarb";"CH69";"C";"B";0.0474242016203155
"1276";"Propamocarb";"CH33";"K";"2";0.0215266513858208
"1277";"Propamocarb";"CH46";"C";"3";0.0148858055090444
"1278";"Propiconazol";"CH85";"P";"B";0.000319823026832365
"1279";"Propiconazol";"CH39";"Q";"2";0.000197761652754026
"1280";"Propiconazol";"CH43";"A";"3";0.000199518320244306
"1281";"Propiconazol";"CH84";"O";"B";0.00139317627220164
"1282";"Propiconazol";"CH83";"N";"B";0.000839061806264383
"1283";"Propiconazol";"CH51";"G";"3";0.00139770638747728
"1284";"Propiconazol";"CH23";"C";"2";0.012972037003435
"1285";"Propiconazol";"CH53";"H";"3";7.1101703623524e-05
"1286";"Propiconazol";"CH77";"I";"B";0.000216918347810767
"1287";"Propiconazol";"CH71";"E";"B";7.12678827093497e-05
"1288";"Propiconazol";"CH32";"I";"2";0.0012432845461537
"1289";"Propiconazol";"RO14";"N";"1";0.000915845832951576
"1290";"Propiconazol";"CH61";"P";"3";0.000327267831469233
"1291";"Propiconazol";"CH33";"K";"2";0.00060825144842854
"1292";"Propiconazol";"CH69";"C";"B";0.00274873000000451
"1293";"Propiconazol";"CH46";"C";"3";0.00981422024220944
"1294";"Propiconazol";"CH76";"H";"B";0.000135260771816836
"1295";"Propiconazol";"RO15";"O";"1";0.000540575935003218
"1296";"Propiconazol";"CH37";"O";"2";0.00158869731932426
"1297";"Propiconazol";"CH40";"R";"2";0.000140128662868316
"1298";"Propiconazol";"CH60";"N";"3";0.00101980248018826
"1299";"Propiconazol";"CH56";"K";"3";0.000214770264885899
"1300";"Propiconazol";"CH36";"N";"2";0.00144289997140954
"1301";"Propiconazol";"CH72";"F";"B";0.00298902095153222
"1302";"Propiconazol";"CH74";"G";"B";0.00330142281660309
"1303";"Propiconazol";"RO8";"G";"1";0.00199433937884796
"1304";"Propiconazol";"CH29";"G";"2";0.000930260404078794
"1305";"Propiconazol";"CH30";"H";"2";0.000125771105175096
"1306";"Propiconazol";"CH65";"S";"3";0.000204032927918138
"1307";"Propiconazol";"CH41";"S";"2";0.000143570928173587
"1308";"Propiconazol";"CH67";"A";"B";0.000200592832293142
"1309";"Propiconazol";"CH54";"I";"3";0.000938746207150336
"1310";"Prosulfocarb";"CH36";"N";"2";0.000113606934956551
"1311";"Prosulfocarb";"CH44";"B";"3";0.00138193601960518
"1312";"Prosulfocarb";"CH68";"B";"B";0.000456190846273815
"1313";"Prosulfocarb";"CH47";"D";"3";0.00179002270141779
"1314";"Prosulfocarb";"RO2";"B";"1";0.0139245096325936
"1315";"Prosulfocarb";"CH22";"B";"2";0.00125438739973163
"1316";"Pyrimethanil";"CH49";"E";"3";0.00210731010012009
"1317";"Pyrimethanil";"CH74";"G";"B";0.000146637972125771
"1318";"Pyrimethanil";"CH58";"M";"3";0.000475017659253753
"1319";"Pyrimethanil";"CH67";"A";"B";7.12772105469278e-05
"1320";"Pyrimethanil";"CH88";"R";"B";0.000766894512078823
"1333";"Simazin";"CH49";"E";"3";0.00245676252847917
"1334";"Simazin";"CH41";"S";"2";0.00114098636665272
"1335";"Simazin";"CH70";"D";"B";0.0169158442358558
"1336";"Simazin";"CH65";"S";"3";0.000840772465387694
"1337";"Simazin";"CH46";"C";"3";0.00829476335147115
"1338";"Simazin";"CH77";"I";"B";0.0011492618116934
"1339";"Simazin";"CH25";"D";"2";0.00182093452559645
"1340";"Simazin";"CH53";"H";"3";0.000753412272825751
"1341";"Simazin";"RO6";"E";"1";0.00506697223615037
"1342";"Simazin";"CH33";"K";"2";0.00668390244769489
"1343";"Simazin";"CH38";"P";"2";0.00413377281346134
"1344";"Simazin";"CH78";"K";"B";0.00402064865974076
"1345";"Simazin";"CH66";"T";"3";0.020788994385996
"1346";"Simazin";"CH47";"D";"3";0.000955965157334941
"1347";"Simazin";"CH51";"G";"3";0.0168891243995738
"1348";"Simazin";"CH54";"I";"3";0.00189470488848875
"1349";"Simazin";"CH74";"G";"B";0.00643779604874617
"1350";"Simazin";"CH85";"P";"B";0.0040667142631119
"1351";"Simazin";"CH42";"T";"2";0.00144573788532495
"1352";"Simazin";"CH87";"Q";"B";0.000545370702544985
"1353";"Simazin";"RO3";"C";"1";0.00595033956247628
"1354";"Simazin";"CH67";"A";"B";0.000472340930084361
"1355";"Simazin";"CH72";"F";"B";0.00257799001975955
"1356";"Simazin";"CH21";"A";"2";0.000628993957523914
"1357";"Simazin";"CH28";"F";"2";0.001552995556718
"1358";"Simazin";"CH82";"M";"B";0.0239040694774397
"1359";"Simazin";"CH29";"G";"2";0.00669789733666279
"1360";"Simazin";"CH93";"T";"B";0.00222405114256663
"1361";"Simazin";"CH43";"A";"3";0.000352358062383344
"1362";"Simazin";"CH36";"N";"2";0.00121344015764783
"1363";"Simazin";"CH71";"E";"B";0.00075517314994075
"1364";"Simazin";"CH35";"M";"2";0.00626396727035417
"1365";"Simazin";"CH58";"M";"3";0.0498410284750498
"1366";"Simazin";"CH56";"K";"3";0.0011378809870706
"1367";"Simazin";"CH62";"Q";"3";0.00107623595821062
"1368";"Simazin";"CH88";"R";"B";0.000635258563593431
"1369";"Simazin";"CH90";"S";"B";0.000507250927543496
"1370";"Simazin";"CH30";"H";"2";0.00188799672324263
"1371";"Simazin";"RO2";"B";"1";0.00288957717885282
"1372";"Simazin";"CH76";"H";"B";0.000955505708257713
"1373";"Simazin";"CH39";"Q";"2";0.00046567428122431
"1374";"Simazin";"CH34";"L";"2";0.000124557025629711
"1375";"Simazin";"CH50";"F";"3";0.0128468498969369
"1376";"Simazin";"CH83";"N";"B";0.000617424905962625
"1377";"Simazin";"CH84";"O";"B";0.000492082021571081
"1378";"Simazin";"CH61";"P";"3";0.00797597600026211
"1379";"Simazin";"CH69";"C";"B";0.00182039143503954
"1380";"Simazin";"CH23";"C";"2";0.106909523318259
"1381";"Simazin";"CH32";"I";"2";0.00109784738849408
"1382";"Simazin";"CH27";"E";"2";0.00192544909462058
"1383";"Tebuconazol";"CH22";"B";"2";0.0568348168778114
"1384";"Tebuconazol";"CH58";"M";"3";0.00098184965966548
"1385";"Tebuconazol";"CH80";"L";"B";0.00239065704856966
"1386";"Tebuconazol";"RO12";"L";"1";0.00340046197242734
"1387";"Tebuconazol";"CH90";"S";"B";0.00181949574192681
"1388";"Tebuconazol";"CH50";"F";"3";0.0196710742592923
"1389";"Tebuconazol";"CH67";"A";"B";0.00279923612844127
"1390";"Tebuconazol";"CH34";"L";"2";0.00442897708820112
"1391";"Tebuconazol";"CH66";"T";"3";0.0033565845103802
"1392";"Tebuconazol";"CH40";"R";"2";0.00447699653420838
"1393";"Tebuconazol";"RO9";"H";"1";0.0300999223734585
"1394";"Tebuconazol";"CH82";"M";"B";0.00266844040198385
"1395";"Tebuconazol";"RO11";"K";"1";0.00704361346408989
"1396";"Tebuconazol";"CH23";"C";"2";0.0188644389113685
"1397";"Tebuconazol";"CH61";"P";"3";0.11537589406604
"1398";"Tebuconazol";"RO19";"S";"1";0.0425602668950111
"1399";"Tebuconazol";"CH56";"K";"3";0.00212950392352286
"1400";"Tebuconazol";"CH29";"G";"2";0.0370527822231416
"1401";"Tebuconazol";"CH43";"A";"3";0.00879234161107325
"1402";"Tebuconazol";"CH32";"I";"2";0.0350039975209383
"1403";"Tebuconazol";"CH69";"C";"B";0.00393674438833083
"1404";"Tebuconazol";"CH65";"S";"3";0.00164840328109873
"1405";"Tebuconazol";"CH76";"H";"B";0.00230975194652425
"1406";"Tebuconazol";"CH83";"N";"B";0.00269614058138928
"1407";"Tebuconazol";"CH78";"K";"B";0.00141084401510003
"1408";"Tebuconazol";"CH87";"Q";"B";0.00285779741406414
"1409";"Tebuconazol";"CH70";"D";"B";0.00293961596806747
"1410";"Tebuconazol";"CH51";"G";"3";0.0226924905176948
"1411";"Tebuconazol";"CH47";"D";"3";0.00245995048479372
"1412";"Tebuconazol";"CH49";"E";"3";0.0241986524583225
"1413";"Tebuconazol";"CH37";"O";"2";0.357662136945288
"1414";"Tebuconazol";"CH36";"N";"2";0.00756970077431282
"1415";"Tebuconazol";"CH68";"B";"B";0.00250769309810626
"1416";"Tebuconazol";"CH57";"L";"3";0.000501950595983958
"1417";"Tebuconazol";"CH71";"E";"B";0.00777303876421122
"1418";"Tebuconazol";"CH85";"P";"B";0.0415770353593866
"1419";"Tebuconazol";"CH54";"I";"3";0.00199455357470414
"1420";"Tebuconazol";"CH42";"T";"2";0.00496035318805201
"1421";"Tebuconazol";"CH30";"H";"2";0.00464181114107028
"1422";"Tebuconazol";"CH60";"N";"3";0.00329563619278046
"1423";"Tebuconazol";"RO15";"O";"1";0.0440189395535393
"1424";"Tebuconazol";"CH27";"E";"2";0.00210198899950112
"1425";"Tebuconazol";"CH88";"R";"B";0.00705392567943137
"1426";"Tebuconazol";"RO17";"Q";"1";0.0302397743501887
"1427";"Tebuconazol";"CH74";"G";"B";0.0143971090558311
"1428";"Tebuconazol";"CH38";"P";"2";0.242704604132304
"1429";"Tebuconazol";"RO14";"N";"1";0.00584148465676642
"1430";"Tebuconazol";"CH39";"Q";"2";0.00798868497848641
"1431";"Tebuconazol";"RO6";"E";"1";0.00115899164205275
"1432";"Tebuconazol";"CH44";"B";"3";0.00661296481889222
"1433";"Tebuconazol";"CH77";"I";"B";0.0246944017526486
"1434";"Tebuconazol";"CH72";"F";"B";0.0114871831401655
"1435";"Tebuconazol";"CH28";"F";"2";0.0072286790742946
"1436";"Tebuconazol";"CH53";"H";"3";0.0067365919241748
"1437";"Tebuconazol";"CH63";"R";"3";0.00922671035467933
"1438";"Tebuconazol";"CH93";"T";"B";0.00554964381222796
"1439";"Tebuconazol";"CH33";"K";"2";0.0223369400926248
"1440";"Tebuconazol";"CH41";"S";"2";0.00616868931267046
"1441";"Tebuconazol";"RO18";"R";"1";0.032028456705428
"1442";"Tebuconazol";"RO3";"C";"1";0.0212111419443625
"1443";"Tebuconazol";"CH21";"A";"2";0.00353141967122852
"1444";"Tebuconazol";"RO16";"P";"1";0.0548310685063814
"1445";"Tebuconazol";"CH35";"M";"2";0.0191548899613655
"1446";"Tebuconazol";"CH84";"O";"B";0.0920914056511662
"1447";"Tebuconazol";"RO13";"M";"1";0.0101097784836191
"1448";"Tebuconazol";"CH62";"Q";"3";0.00261091890065384
"1449";"Tebuconazol";"CH46";"C";"3";0.0131292061611242
"1450";"Tebuconazol";"CH25";"D";"2";0.00833021298531912
"1473";"Terbutryn";"CH87";"Q";"B";0.000659730707824968
"1474";"Terbutryn";"CH82";"M";"B";0.000169102733313186
"1475";"Terbutryn";"CH43";"A";"3";0.000552539574266226
"1476";"Terbutryn";"CH23";"C";"2";0.00328451100806826
"1477";"Terbutryn";"CH76";"H";"B";0.00088295460180646
"1478";"Terbutryn";"CH90";"S";"B";0.000681797235269911
"1479";"Terbutryn";"CH32";"I";"2";0.00237738682658657
"1480";"Terbutryn";"CH27";"E";"2";0.000808750288862643
"1481";"Terbutryn";"CH50";"F";"3";0.000706397029686444
"1482";"Terbutryn";"RO6";"E";"1";0.0062429858373703
"1483";"Terbutryn";"CH78";"K";"B";0.00016888012121771
"1484";"Terbutryn";"CH72";"F";"B";0.00371258872212306
"1485";"Terbutryn";"CH41";"S";"2";0.000766801308803701
"1486";"Terbutryn";"CH34";"L";"2";8.37087042098102e-05
"1487";"Terbutryn";"CH42";"T";"2";0.00145741491974157
"1488";"Terbutryn";"CH36";"N";"2";0.00048929638156975
"1489";"Terbutryn";"CH25";"D";"2";0.000571088614084337
"1490";"Terbutryn";"CH28";"F";"2";0.00048170427606607
"1491";"Terbutryn";"CH29";"G";"2";0.00144382290951554
"1492";"Terbutryn";"CH44";"B";"3";9.01801933733478e-05
"1493";"Terbutryn";"CH67";"A";"B";0.000476155965543387
"1494";"Terbutryn";"CH35";"M";"2";0.000165086549246745
"1495";"Terbutryn";"CH88";"R";"B";0.00239078732970225
"1496";"Terbutryn";"CH40";"R";"2";0.000498944289326793
"1497";"Terbutryn";"CH74";"G";"B";0.00293877431511861
"1498";"Terbutryn";"CH70";"D";"B";0.00154284263970973
"1499";"Terbutryn";"CH51";"G";"3";0.0023573818567555
"1500";"Terbutryn";"CH39";"Q";"2";0.00133006716794343
"1501";"Terbutryn";"RO10";"I";"1";0.00334863132383885
"1502";"Terbutryn";"CH22";"B";"2";9.00425101704266e-05
"1503";"Terbutryn";"CH21";"A";"2";0.00059180264158937
"1504";"Terbutryn";"CH58";"M";"3";8.81466454302448e-05
"1505";"Terbutryn";"CH65";"S";"3";0.00096864374150249
"1506";"Terbutryn";"CH71";"E";"B";0.000422929213319447
"1507";"Terbutryn";"CH47";"D";"3";0.00104399355878737
"1508";"Terbutryn";"CH66";"T";"3";0.00172586271155516
"1509";"Terbutryn";"CH93";"T";"B";0.00099645089360682
"1510";"Terbutryn";"CH37";"O";"2";0.000327926974125398
"1511";"Terbutryn";"CH54";"I";"3";0.00509335512063009
"1512";"Terbutryn";"CH68";"B";"B";0.000245597386365968
"1513";"Terbutryn";"RO16";"P";"1";0.0109279947787171
"1514";"Terbutryn";"RO3";"C";"1";0.00428457119366827
"1515";"Terbutryn";"CH69";"C";"B";0.000897157309553868
"1516";"Terbutryn";"CH46";"C";"3";0.0015808300714578
"1517";"Terbutryn";"CH62";"Q";"3";0.00104474603445877
"1518";"Terbutryn";"CH33";"K";"2";0.000802129457991375
"1519";"Terbutryn";"CH56";"K";"3";0.000254904778195932
"1520";"Terbutryn";"CH63";"R";"3";0.00762071131222571
"1521";"Terbutryn";"CH49";"E";"3";0.000955882815194427
"1522";"Terbutryn";"CH84";"O";"B";0.000165352167741686
"1523";"Terbutryn";"CH57";"L";"3";4.63506923691588e-05
"1524";"Terbutryn";"CH30";"H";"2";0.000970282184796197
"1525";"Terbutryn";"CH61";"P";"3";0.00605942955350972
"1526";"Terbutryn";"CH77";"I";"B";0.010298171092671
"1527";"Terbutryn";"CH83";"N";"B";0.000497929412463427
"1528";"Terbutryn";"CH85";"P";"B";0.00394772500142726
"1529";"Terbutryn";"CH38";"P";"2";0.00686355888536797
"1530";"Terbutryn";"RO8";"G";"1";0.00152165908054111
"1531";"Terbutryn";"CH60";"N";"3";0.000726224904050349
"1532";"Terbutryn";"CH53";"H";"3";0.00059072026571254
"1533";"Terbutylazin";"RO13";"M";"1";0.273289849034762
"1534";"Terbutylazin";"RO6";"E";"1";0.00894807435007859
"1535";"Terbutylazin";"CH90";"S";"B";0.0824740217019833
"1536";"Terbutylazin";"CH60";"N";"3";0.122833996260008
"1537";"Terbutylazin";"RO1";"A";"1";0.00148402828765683
"1538";"Terbutylazin";"CH62";"Q";"3";0.0235935374288135
"1539";"Terbutylazin";"CH40";"R";"2";0.0406888332717298
"1540";"Terbutylazin";"CH84";"O";"B";0.0296657788098235
"1541";"Terbutylazin";"CH37";"O";"2";0.0303080492733172
"1542";"Terbutylazin";"RO15";"O";"1";0.0727957214850084
"1543";"Terbutylazin";"CH47";"D";"3";0.0392942404059158
"1544";"Terbutylazin";"CH32";"I";"2";0.258500727178463
"1545";"Terbutylazin";"CH63";"R";"3";0.0126094933096659
"1546";"Terbutylazin";"CH71";"E";"B";0.110367408078959
"1547";"Terbutylazin";"CH33";"K";"2";0.095939857346532
"1548";"Terbutylazin";"CH23";"C";"2";0.379456134009652
"1549";"Terbutylazin";"CH25";"D";"2";0.283868600836544
"1550";"Terbutylazin";"CH49";"E";"3";0.359052109512936
"1551";"Terbutylazin";"CH36";"N";"2";0.257146530368672
"1552";"Terbutylazin";"CH61";"P";"3";1.94279461630307
"1553";"Terbutylazin";"CH69";"C";"B";0.0975507285224299
"1554";"Terbutylazin";"CH74";"G";"B";0.798855374497765
"1555";"Terbutylazin";"RO7";"F";"1";0.0848543166875169
"1556";"Terbutylazin";"CH41";"S";"2";0.222337897740441
"1557";"Terbutylazin";"CH67";"A";"B";0.00509110329041631
"1558";"Terbutylazin";"CH56";"K";"3";0.147821846043785
"1559";"Terbutylazin";"CH29";"G";"2";1.10817454601189
"1560";"Terbutylazin";"CH66";"T";"3";0.893611744822802
"1561";"Terbutylazin";"RO19";"S";"1";0.0467390173703542
"1562";"Terbutylazin";"CH38";"P";"2";0.71075836915452
"1563";"Terbutylazin";"CH85";"P";"B";0.272407716427831
"1564";"Terbutylazin";"CH83";"N";"B";0.0514343556032238
"1565";"Terbutylazin";"CH51";"G";"3";0.949353792799963
"1566";"Terbutylazin";"CH46";"C";"3";0.425198146731001
"1567";"Terbutylazin";"CH39";"Q";"2";0.0195665566719898
"1568";"Terbutylazin";"CH76";"H";"B";0.235652130549451
"1569";"Terbutylazin";"RO12";"L";"1";0.00109540463642568
"1570";"Terbutylazin";"CH65";"S";"3";0.105323672510954
"1571";"Terbutylazin";"CH34";"L";"2";0.0163834379838172
"1572";"Terbutylazin";"RO9";"H";"1";0.352589466760585
"1573";"Terbutylazin";"RO2";"B";"1";0.00180101648119383
"1574";"Terbutylazin";"CH80";"L";"B";0.00749786533375165
"1575";"Terbutylazin";"CH22";"B";"2";0.00881154412321869
"1576";"Terbutylazin";"RO10";"I";"1";0.0424791719357006
"1577";"Terbutylazin";"CH70";"D";"B";0.0706349978497468
"1578";"Terbutylazin";"CH58";"M";"3";0.47922306305483
"1579";"Terbutylazin";"CH87";"Q";"B";0.0127528158832052
"1580";"Terbutylazin";"RO8";"G";"1";0.0153198856532351
"1581";"Terbutylazin";"CH93";"T";"B";0.27989701441469
"1582";"Terbutylazin";"CH30";"H";"2";0.568086753176071
"1583";"Terbutylazin";"CH54";"I";"3";0.337481917131532
"1584";"Terbutylazin";"CH28";"F";"2";0.130943042435841
"1585";"Terbutylazin";"CH21";"A";"2";0.00836531249067394
"1586";"Terbutylazin";"CH43";"A";"3";0.0120158722295752
"1587";"Terbutylazin";"CH88";"R";"B";0.0928420735420352
"1588";"Terbutylazin";"CH35";"M";"2";0.23335491858353
"1589";"Terbutylazin";"CH42";"T";"2";0.140861596379046
"1590";"Terbutylazin";"CH53";"H";"3";0.192692602488667
"1591";"Terbutylazin";"CH82";"M";"B";0.239031918376166
"1592";"Terbutylazin";"RO11";"K";"1";0.030558758708406
"1593";"Terbutylazin";"RO14";"N";"1";0.00242604649974981
"1594";"Terbutylazin";"CH57";"L";"3";0.0260392569135481
"1595";"Terbutylazin";"CH72";"F";"B";0.448534908464699
"1596";"Terbutylazin";"RO17";"Q";"1";0.00837265444502139
"1597";"Terbutylazin";"RO4";"D";"1";0.0186498309859142
"1598";"Terbutylazin";"CH44";"B";"3";0.0156889204926405
"1599";"Terbutylazin";"CH27";"E";"2";0.170599634334347
"1600";"Terbutylazin";"RO3";"C";"1";0.155291621992282
"1601";"Terbutylazin";"CH78";"K";"B";0.0422345902656169
"1602";"Terbutylazin";"CH77";"I";"B";0.401244626770494
"1603";"Terbutylazin";"CH68";"B";"B";0.0081894027618966
"1604";"Terbutylazin";"RO16";"P";"1";0.0353259099199339
"1605";"Terbutylazin";"CH50";"F";"3";1.53617529809259
"1652";"Thiacloprid";"CH74";"G";"B";0.00718434385494894
"1653";"Thiacloprid";"CH66";"T";"3";0.00604264625351764
"1654";"Thiacloprid";"CH70";"D";"B";0.00343754120709023
"1655";"Thiacloprid";"CH29";"G";"2";0.00274384319918293
"1656";"Thiacloprid";"CH69";"C";"B";0.0172633787929342
"1657";"Thiacloprid";"CH32";"I";"2";0.000821941006157191
"1658";"Thiacloprid";"CH60";"N";"3";0.00440474724607967
"1659";"Thiacloprid";"CH33";"K";"2";0.0013403925622245
"1660";"Thiacloprid";"CH84";"O";"B";0.00626303868346003
"1661";"Thiacloprid";"CH83";"N";"B";0.0231128139371698
"1662";"Thiacloprid";"CH21";"A";"2";0.00310805777691277
"1663";"Thiacloprid";"CH67";"A";"B";0.00309429922107293
"1664";"Thiacloprid";"CH44";"B";"3";0.00040185320629014
"1665";"Thiacloprid";"CH36";"N";"2";0.00299799550828928
"1666";"Thiacloprid";"CH27";"E";"2";0.00108116500257
"1667";"Thiacloprid";"CH56";"K";"3";0.000283971176444011
"1668";"Thiacloprid";"CH43";"A";"3";0.002813919125574
"1669";"Thiacloprid";"CH65";"S";"3";0.00539548345810453
"1670";"Thiacloprid";"CH62";"Q";"3";0.00250681159406486
"1671";"Thiacloprid";"CH50";"F";"3";0.00577094020948925
"1672";"Thiacloprid";"CH61";"P";"3";0.0121160611902733
"1673";"Thiacloprid";"CH40";"R";"2";0.00101903658302794
"1674";"Thiacloprid";"CH42";"T";"2";0.000992201034355461
"1675";"Thiacloprid";"CH77";"I";"B";0.00430217086519218
"1676";"Thiacloprid";"CH78";"K";"B";0.00056441178199498
"1677";"Thiacloprid";"CH41";"S";"2";0.000664407705107371
"1678";"Thiacloprid";"CH30";"H";"2";0.000997774120683141
"1679";"Thiacloprid";"CH63";"R";"3";0.000645954617280425
"1680";"Thiacloprid";"CH72";"F";"B";0.00735276352237572
"1681";"Thiacloprid";"CH39";"Q";"2";0.000871607454876002
"1682";"Thiacloprid";"CH28";"F";"2";0.00205709037157353
"1683";"Thiacloprid";"RO6";"E";"1";0.00047419526402308
"1684";"Thiacloprid";"CH80";"L";"B";0.000462768633691985
"1685";"Thiacloprid";"CH37";"O";"2";0.219191988371131
"1686";"Thiacloprid";"CH90";"S";"B";0.00161402573258155
"1687";"Thiacloprid";"CH49";"E";"3";0.00261379797526793
"1688";"Thiacloprid";"CH35";"M";"2";0.000183911113539999
"1689";"Thiacloprid";"CH93";"T";"B";0.00185012441723576
"1690";"Thiacloprid";"CH88";"R";"B";0.00361462123047085
"1691";"Thiacloprid";"RO3";"C";"1";0.00509134317961465
"1692";"Thiacloprid";"CH46";"C";"3";0.0139033396064003
"1693";"Thiacloprid";"CH51";"G";"3";0.0116719576433112
"1694";"Thiacloprid";"CH82";"M";"B";0.00357931988060546
"1695";"Thiacloprid";"CH87";"Q";"B";0.00898282955434633
"1696";"Thiacloprid";"CH76";"H";"B";0.0053652902816819
"1697";"Thiacloprid";"CH54";"I";"3";0.00709267817520427
"1698";"Thiacloprid";"CH71";"E";"B";0.00150769657104253
"1699";"Thiacloprid";"CH85";"P";"B";0.00659681698122809
"1700";"Thiacloprid";"CH68";"B";"B";0.0030096272480519
"1701";"Thiacloprid";"CH38";"P";"2";0.043692570895688
"1702";"Thiacloprid";"CH53";"H";"3";0.00451254298597561
"1703";"Thiacloprid";"CH58";"M";"3";0.00049098935648785
"1704";"Thiacloprid";"CH23";"C";"2";0.0274427904492102
"1705";"Thiacloprid";"CH22";"B";"2";0.000401239674266349
"1706";"Thiamethoxam";"CH62";"Q";"3";0.0194116622509347
"1707";"Thiamethoxam";"CH41";"S";"2";0.0013719693971948
"1708";"Thiamethoxam";"CH85";"P";"B";0.010238408475605
"1709";"Thiamethoxam";"CH71";"E";"B";0.00204311601221684
"1710";"Thiamethoxam";"CH27";"E";"2";0.000976741859524961
"1711";"Thiamethoxam";"CH78";"K";"B";0.00101979737074939
"1712";"Thiamethoxam";"CH88";"R";"B";0.00171868788406665
"1713";"Thiamethoxam";"CH51";"G";"3";0.00861145137730302
"1714";"Thiamethoxam";"CH66";"T";"3";0.00363934923536658
"1715";"Thiamethoxam";"CH68";"B";"B";0.00115349210730796
"1716";"Thiamethoxam";"CH70";"D";"B";0.00294208108801076
"1717";"Thiamethoxam";"CH40";"R";"2";0.00251076557904421
"1718";"Thiamethoxam";"CH69";"C";"B";0.00295503426443868
"1719";"Thiamethoxam";"RO3";"C";"1";0.000574950168674018
"1720";"Thiamethoxam";"RO8";"G";"1";0.00521825779729789
"1721";"Thiamethoxam";"RO11";"K";"1";0.000282851116635575
"1722";"Thiamethoxam";"CH56";"K";"3";0.0010261765198544
"1723";"Thiamethoxam";"CH46";"C";"3";0.00586156699728986
"1724";"Thiamethoxam";"CH74";"G";"B";0.0062439789818244
"1725";"Thiamethoxam";"CH54";"I";"3";0.00080095494829576
"1726";"Thiamethoxam";"RO17";"Q";"1";0.0077497082966484
"1727";"Thiamethoxam";"CH63";"R";"3";0.000666932336931738
"1728";"Thiamethoxam";"CH35";"M";"2";0.00265837214633273
"1729";"Thiamethoxam";"CH83";"N";"B";0.00217157075215995
"1730";"Thiamethoxam";"CH65";"S";"3";0.00113735219982292
"1731";"Thiamethoxam";"CH58";"M";"3";0.00283883318263799
"1732";"Thiamethoxam";"CH50";"F";"3";0.0173785341368648
"1733";"Thiamethoxam";"RO4";"D";"1";0.000169792500454924
"1734";"Thiamethoxam";"CH28";"F";"2";0.0109888505018564
"1735";"Thiamethoxam";"RO7";"F";"1";0.00756320222347005
"1736";"Thiamethoxam";"CH93";"T";"B";0.00217286181771714
"1737";"Thiamethoxam";"CH38";"P";"2";0.00279597381961746
"1738";"Thiamethoxam";"RO16";"P";"1";0.0010701024566093
"1739";"Thiamethoxam";"RO6";"E";"1";0.000856791262867103
"1740";"Thiamethoxam";"CH72";"F";"B";0.0763899560491157
"1741";"Thiamethoxam";"CH23";"C";"2";0.00702447322831371
"1742";"Thiamethoxam";"CH87";"Q";"B";0.00737748432297303
"1743";"Thiamethoxam";"CH82";"M";"B";0.00476532762226475
"1744";"Thiamethoxam";"CH67";"A";"B";0.02555830586817
"1745";"Thiamethoxam";"CH43";"A";"3";0.00413097719884627
"1746";"Thiamethoxam";"CH42";"T";"2";0.00260762292127546
"1747";"Thiamethoxam";"CH33";"K";"2";0.00129166102181355
"1748";"Thiamethoxam";"CH21";"A";"2";0.00697713003680397
"1749";"Thiamethoxam";"CH60";"N";"3";0.00308600290511577
"1750";"Thiamethoxam";"CH61";"P";"3";0.00547292231480623
"1751";"Thiamethoxam";"CH32";"I";"2";0.000660048649057412
"1752";"Thiamethoxam";"RO2";"B";"1";0.000574833245305259
"1753";"Thiamethoxam";"CH49";"E";"3";0.00244880444924993
"1754";"Thiamethoxam";"CH36";"N";"2";0.00213392036051417
"1755";"Thiamethoxam";"CH47";"D";"3";0.00113153139461953
"1756";"Thiamethoxam";"CH39";"Q";"2";0.0135436962246436
"1757";"Thiamethoxam";"CH76";"H";"B";0.00597807713543796
"1758";"Thiamethoxam";"CH22";"B";"2";0.00108745913332335
"1759";"Thiamethoxam";"CH30";"H";"2";0.000600936796699437
"1760";"Thiamethoxam";"CH77";"I";"B";0.00621864061211485
"1761";"Thiamethoxam";"CH90";"S";"B";0.00205854609441015
"1762";"Thiamethoxam";"CH29";"G";"2";0.00461575631526431
"1763";"Thiamethoxam";"CH53";"H";"3";0.00135890131380841
"1764";"Thiamethoxam";"CH44";"B";"3";0.000363040652476619
"1813";"Trifloxystrobin";"CH61";"P";"3";0.0108171310490871
"1814";"Trifloxystrobin";"CH38";"P";"2";0.0779277568597971
"1815";"Trifloxystrobin";"CH85";"P";"B";0.000579236116034779
