"Compound";"LOQ_L_rund";"eigener ISTD?";"21";"22";"23";"24";"25";"26";"27";"28";"29";"30";"31";"32";"33";"34";"35";"36";"37";"38";"39";"40";"41";"42";"43";"44";"45";"46";"47";"48";"49";"50";"51";"52";"53";"54";"55";"56";"57";"58";"59";"60";"61";"62";"63";"64";"65";"66";"67";"68";"69";"70";"71";"72";"73";"74";"75";"76";"77";"78";"79";"80";"81";"82";"83";"84";"85";"86";"87";"88";"89";"90";"91";"92";"93";"RO1";"RO10";"RO11";"RO12";"RO13";"RO14";"RO15";"RO16";"RO17";"RO18";"RO19";"RO2";"RO3";"RO4";"RO5";"RO6";"RO7";"RO8";"RO9";"LOQ_lower_round_E"
"1";"2-4-D_267_n";9;"j";49;NA;42;26;6.7;4.4;4.1;240;220;600;700;1200;14;1.7;49;120;87;39;7.9;11;100;46;2.5;NA;NA;47;6.4;26;28;290;95;60;67;3500;11;8.7;1.5;26;21;26;27;7.6;2;260;350;130;2.1;0.5;3.6;2.3;3.9;97;21;26;40;20;19;1.3;2.3;NA;NA;1;9.9;11;13;9.5;23;2.1;3.9;180;180;9.5;11;6.1;NA;NA;NA;140;8.9;47;25;8.2;NA;120;7.4;22;13;14;20;160;100;600;0.5
"2";"2-4-dimethylphenylformamid_330_p";NA;"n";NA;NA;NA;NA;NA;NA;NA;NA;NA;NA;NA;NA;NA;NA;NA;NA;NA;NA;NA;NA;NA;NA;36;NA;NA;NA;6.5;NA;NA;NA;NA;NA;NA;NA;NA;NA;NA;NA;NA;29;NA;NA;NA;NA;NA;NA;NA;NA;NA;NA;NA;NA;NA;NA;NA;NA;NA;NA;NA;NA;NA;NA;NA;NA;NA;NA;NA;NA;NA;NA;NA;NA;NA;NA;NA;NA;NA;NA;NA;NA;NA;NA;NA;NA;NA;NA;NA;NA;NA;NA;NA;NA;3
"3";"2-6-Dichlorbenzamid_85_p";NA;"j";NA;NA;NA;NA;NA;NA;NA;NA;NA;NA;NA;NA;NA;NA;NA;NA;NA;NA;NA;NA;NA;NA;NA;NA;NA;NA;6.9;NA;NA;NA;NA;NA;NA;NA;NA;NA;NA;NA;NA;NA;NA;NA;NA;NA;NA;NA;NA;NA;NA;7.1;NA;NA;NA;NA;NA;NA;NA;NA;NA;NA;NA;NA;NA;NA;NA;NA;NA;NA;NA;NA;NA;NA;NA;NA;NA;NA;NA;NA;NA;NA;NA;NA;NA;NA;NA;NA;NA;NA;NA;NA;NA;NA;3
"4";"2-Amino-4-methoxy-6-methyl-1-3-5-triazin_125_p";NA;"n";NA;NA;NA;NA;NA;NA;NA;NA;0.3;NA;NA;NA;NA;NA;NA;NA;NA;NA;NA;NA;NA;0.1;NA;NA;NA;NA;NA;NA;NA;NA;NA;NA;NA;NA;NA;NA;NA;NA;NA;NA;NA;NA;NA;NA;NA;NA;NA;NA;NA;NA;NA;NA;0.3;0.4;NA;NA;NA;NA;NA;NA;NA;NA;NA;NA;NA;NA;NA;NA;NA;NA;NA;NA;NA;NA;NA;NA;NA;NA;NA;NA;NA;NA;NA;NA;NA;NA;NA;NA;NA;NA;NA;NA;0.1
"5";"2-Aminobenzimidazol_138_p";NA;"n";NA;NA;NA;NA;NA;NA;NA;NA;NA;NA;NA;NA;NA;NA;NA;NA;NA;NA;NA;NA;NA;NA;NA;NA;NA;NA;NA;NA;NA;NA;NA;NA;NA;NA;NA;NA;NA;NA;NA;NA;NA;NA;NA;14;NA;NA;NA;NA;NA;NA;NA;NA;NA;NA;NA;NA;NA;NA;NA;NA;NA;NA;NA;NA;NA;NA;NA;NA;NA;NA;NA;NA;NA;NA;NA;NA;NA;NA;NA;NA;NA;NA;NA;NA;NA;NA;NA;NA;NA;NA;NA;NA;2
"7";"2-n-Octyl-4-isothiazolin-3-on-(OIT)_300_p";4;"j";0.1;NA;NA;NA;NA;NA;NA;0.1;NA;NA;NA;0.04;NA;0.09;NA;NA;NA;NA;NA;NA;0.1;0.08;0.2;NA;NA;0.09;NA;NA;NA;NA;NA;0.05;NA;NA;0.04;NA;0.07;NA;NA;NA;NA;NA;NA;0.9;NA;NA;0.09;0.07;NA;NA;0.06;NA;0.1;NA;0.05;0.7;0.1;0.04;NA;0.06;0.08;0.06;NA;NA;NA;0.07;NA;NA;0.1;NA;NA;0.08;NA;NA;NA;NA;NA;NA;NA;NA;NA;NA;NA;15;NA;NA;6;NA;NA;NA;NA;NA;0.04
"14";"5-Chloro-2-methyl-4-isothiazolin-3-on-(CMI)_280_p";NA;"n";3.2;4.3;NA;3.5;3;NA;0.2;NA;0.4;NA;0.9;NA;1.7;1.4;NA;0.9;1.9;NA;1.4;2;1.7;0.4;NA;NA;0.8;NA;0.9;NA;NA;NA;NA;NA;NA;NA;0.2;NA;0.4;NA;NA;NA;NA;3.2;4.2;1.4;5.1;NA;NA;NA;0.8;NA;2.6;NA;3.7;0.8;1.1;NA;0.8;4.8;2.1;NA;NA;0.5;NA;1.1;NA;9.5;4;0.4;NA;NA;0.3;0.7;3.3;NA;NA;NA;NA;NA;NA;NA;NA;NA;NA;NA;NA;NA;NA;NA;NA;NA;NA;NA;0.2
"15";"Acetamiprid_2986_p";4;"n";NA;NA;NA;NA;NA;NA;NA;NA;0.8;NA;NA;NA;NA;NA;NA;0.4;NA;NA;NA;NA;NA;NA;NA;NA;NA;NA;NA;NA;NA;2.7;1.5;NA;NA;NA;NA;NA;NA;NA;NA;1.4;NA;NA;NA;6.7;NA;NA;NA;0.6;NA;NA;NA;1.3;0.6;0.9;NA;0.7;NA;NA;NA;NA;NA;NA;NA;NA;NA;NA;0.5;0.6;0.5;NA;0.5;NA;NA;NA;NA;NA;NA;NA;NA;NA;NA;0.7;8.1;NA;NA;4.4;NA;NA;NA;NA;NA;NA;0.4
"18";"Acetochlor_104_p";NA;"n";NA;NA;NA;NA;NA;NA;NA;NA;310;NA;0.8;1;NA;NA;NA;NA;NA;2.3;NA;NA;NA;15;NA;NA;NA;NA;NA;9.4;13;NA;120;NA;NA;7.2;NA;NA;NA;NA;2.4;NA;2.3;NA;NA;NA;NA;24;NA;NA;NA;NA;NA;17;11;19;NA;NA;NA;NA;1.2;NA;NA;16;NA;NA;1.9;NA;NA;NA;NA;NA;NA;1.4;1.8;NA;NA;NA;NA;NA;NA;NA;NA;NA;NA;NA;NA;NA;NA;NA;NA;NA;NA;NA;0.5
"21";"Alachlor_274_p";3;"j";NA;NA;NA;NA;NA;NA;NA;NA;310;NA;0.8;1;NA;NA;0.7;0.7;NA;2.3;NA;NA;NA;15;NA;NA;NA;NA;NA;9.4;13;NA;120;NA;NA;7.2;NA;NA;NA;1.7;2.4;NA;2.3;NA;NA;NA;NA;24;NA;NA;NA;NA;1.5;17;11;19;NA;NA;NA;NA;1.2;NA;NA;16;NA;NA;1.9;NA;NA;NA;NA;NA;NA;1.4;1.8;NA;NA;NA;NA;NA;NA;NA;NA;NA;NA;NA;NA;NA;NA;NA;NA;NA;NA;NA;0.5
"23";"Amidosulfuron_3165_p";NA;"n";NA;NA;NA;NA;NA;NA;NA;NA;NA;NA;NA;NA;NA;NA;NA;NA;4.3;0.6;NA;NA;NA;NA;NA;NA;NA;NA;NA;NA;NA;NA;NA;NA;NA;NA;NA;NA;NA;NA;NA;NA;0.6;NA;NA;NA;NA;NA;NA;NA;NA;NA;NA;NA;NA;NA;NA;NA;NA;NA;NA;NA;NA;NA;NA;7.3;NA;NA;NA;NA;NA;NA;NA;NA;NA;NA;NA;NA;NA;NA;NA;NA;NA;NA;NA;NA;NA;NA;NA;NA;NA;NA;NA;NA;0.3
"25";"Atraton_157_p";NA;"n";NA;NA;0.4;NA;NA;NA;NA;NA;NA;NA;NA;0.5;NA;NA;NA;NA;NA;NA;NA;NA;NA;NA;NA;NA;NA;NA;NA;NA;NA;NA;NA;NA;NA;NA;NA;NA;NA;NA;NA;NA;0.6;NA;NA;0.5;0.4;1.2;NA;NA;NA;0.4;NA;NA;NA;NA;NA;NA;NA;NA;NA;NA;NA;NA;NA;NA;0.7;NA;NA;NA;NA;0.4;0.4;0.4;0.4;NA;NA;NA;NA;NA;NA;NA;NA;NA;NA;NA;NA;NA;NA;NA;NA;NA;NA;NA;0.2
"27";"Atrazin-Desethyl_309_p";NA;"j";NA;NA;5.5;2.4;NA;NA;NA;NA;2.4;NA;1.5;3;NA;NA;9.2;20;NA;18;8.3;NA;NA;1.4;NA;NA;NA;10;NA;NA;NA;NA;NA;NA;NA;NA;NA;NA;NA;4.6;6.3;11;16;7.3;NA;NA;NA;NA;NA;NA;6;NA;NA;NA;NA;NA;NA;2.2;NA;1.1;1.9;NA;NA;3.7;12;4.8;12;2.1;8.2;0.5;NA;0.5;NA;1.4;1.6;NA;NA;NA;NA;NA;NA;NA;NA;NA;NA;NA;NA;NA;NA;NA;NA;NA;NA;NA;0.5
"28";"Atrazin-Desisopropyl_287_p";NA;"j";NA;NA;2.6;0.7;NA;0.3;0.3;NA;6.2;NA;0.3;NA;1.8;NA;4.8;1.3;1;2.8;0.7;NA;NA;1;NA;NA;NA;3.1;0.6;NA;NA;3.9;4.7;NA;NA;1.3;1.3;1.4;0.3;4.3;5.6;1.2;11;0.8;NA;0.6;0.7;NA;NA;NA;NA;NA;0.8;2.6;4.3;5.5;2;2.1;2.7;0.8;1.6;NA;NA;3.7;1;1.5;4;NA;0.5;NA;NA;0.6;0.9;1.3;1.3;NA;NA;NA;NA;NA;NA;NA;NA;NA;NA;NA;NA;NA;NA;NA;NA;NA;NA;NA;0.3
"29";"Atrazin_288_p";4;"j";3.6;NA;230;33;10;3.8;5.3;11;20;4.4;5.5;9.6;38;NA;24;10;6;33;5.4;NA;2.9;8;3.3;NA;NA;54;7.9;5.3;8.5;22;86;1.1;2.1;9.4;5.9;5.7;NA;23;46;6.5;32;57;1.4;4.7;4.2;87;3.2;NA;14;130;7;14;17;25;17;15;7.7;2.1;5.6;0.4;0.2;40;6.9;6.5;300;1.5;19;1.1;1.1;3.1;4.2;13;13;4.4;18;11;NA;52;6.8;NA;43;8;NA;NA;4.3;12;21;4.8;14;33;NA;5.5;0.2
"31";"Azoxystrobin_89_p";3;"j";0.7;1.8;0.2;0.1;0.5;0.09;0.08;0.3;0.6;0.4;0.2;0.8;1.4;0.3;2.2;0.6;0.4;0.5;0.3;0.3;0.3;1.1;0.4;1.1;0.3;0.5;0.3;0.5;0.8;0.6;0.5;0.1;0.3;0.4;2.2;0.3;0.5;0.1;0.4;1.4;0.4;0.2;0.2;0.2;0.2;0.4;1.1;0.8;0.7;0.5;1.2;1.1;1.2;1.9;2;1.1;1.7;0.3;0.5;1.1;0.3;0.6;0.7;0.4;1.3;0.6;0.9;5.1;0.5;0.7;0.9;0.5;0.8;NA;NA;NA;NA;NA;NA;NA;1.3;1;NA;1;NA;NA;NA;NA;NA;NA;NA;NA;0.08
"35";"Bentazon_253_n";NA;"j";NA;NA;0.2;0.2;NA;NA;NA;NA;0.9;NA;NA;NA;NA;NA;NA;NA;NA;NA;NA;13;NA;NA;NA;NA;NA;0.6;NA;NA;NA;NA;0.8;NA;NA;NA;NA;NA;NA;NA;NA;NA;NA;NA;9.2;NA;NA;NA;NA;NA;0.3;NA;NA;NA;0.2;0.2;NA;NA;NA;NA;NA;NA;NA;NA;NA;NA;0.4;NA;NA;7.7;8.3;0.6;NA;NA;NA;NA;NA;NA;NA;NA;NA;NA;NA;NA;NA;NA;NA;NA;NA;NA;NA;NA;NA;NA;0.2
"36";"Benthiavalicarb-isopropyl_3055_p";3;"n";NA;NA;NA;NA;NA;NA;NA;NA;NA;NA;NA;NA;NA;NA;NA;NA;NA;NA;NA;NA;NA;NA;NA;2.3;2.8;NA;NA;NA;NA;NA;NA;NA;NA;NA;NA;NA;NA;NA;NA;NA;NA;NA;NA;15;NA;NA;NA;2.3;NA;NA;NA;NA;NA;NA;NA;NA;NA;NA;NA;NA;NA;NA;NA;NA;NA;NA;NA;NA;NA;NA;NA;NA;NA;NA;NA;NA;NA;NA;NA;NA;NA;NA;NA;NA;NA;NA;NA;NA;NA;NA;NA;NA;0.3
"40";"Boscalid_2938_p";60;"n";NA;NA;0.7;3.5;0.8;NA;NA;NA;NA;NA;NA;NA;NA;NA;0.6;NA;NA;NA;NA;NA;NA;NA;NA;NA;NA;NA;NA;NA;NA;NA;NA;NA;NA;NA;NA;NA;NA;NA;NA;NA;NA;NA;NA;NA;NA;NA;NA;NA;NA;NA;NA;NA;NA;NA;NA;NA;NA;NA;NA;NA;NA;NA;NA;NA;NA;NA;NA;NA;NA;NA;NA;NA;NA;NA;NA;NA;NA;NA;NA;NA;1.5;NA;NA;NA;NA;NA;NA;NA;NA;NA;NA;NA;0.5
"42";"Bromoxynil_24_n";NA;"n";NA;NA;NA;NA;NA;NA;NA;NA;NA;NA;NA;0.5;NA;NA;NA;NA;NA;NA;NA;NA;NA;NA;NA;NA;NA;NA;NA;NA;NA;99;0.6;3.7;3;NA;NA;NA;NA;NA;0.5;NA;NA;NA;NA;NA;NA;NA;NA;NA;NA;NA;NA;3.6;NA;NA;NA;NA;2;NA;NA;NA;NA;NA;NA;NA;NA;NA;NA;NA;NA;NA;NA;NA;NA;NA;NA;NA;NA;NA;NA;NA;NA;NA;NA;NA;NA;NA;NA;NA;NA;NA;NA;NA;0.5
"44";"Buprofezin_3509_p";NA;"n";NA;NA;NA;NA;NA;NA;NA;NA;NA;NA;NA;NA;NA;NA;NA;NA;NA;NA;NA;NA;NA;NA;NA;NA;NA;NA;NA;NA;NA;NA;NA;NA;NA;NA;NA;NA;NA;NA;NA;NA;NA;NA;NA;NA;NA;NA;NA;NA;NA;78;54;26;37;NA;40;36;NA;NA;NA;NA;NA;NA;NA;NA;100;NA;NA;NA;NA;NA;NA;NA;NA;NA;NA;NA;NA;NA;NA;NA;NA;NA;NA;NA;NA;NA;NA;NA;NA;NA;NA;NA;25
"57";"Chlortoluron_273_p";3;"j";NA;NA;NA;NA;NA;NA;NA;NA;NA;NA;NA;NA;NA;NA;NA;NA;NA;1.2;NA;NA;NA;NA;NA;NA;NA;NA;NA;NA;NA;NA;NA;NA;NA;NA;NA;NA;NA;NA;NA;NA;1.4;NA;NA;NA;NA;NA;NA;NA;NA;NA;NA;NA;NA;NA;NA;NA;NA;NA;NA;NA;NA;NA;NA;NA;700;NA;NA;NA;NA;NA;NA;NA;NA;NA;NA;NA;NA;NA;NA;NA;2.6;NA;NA;NA;NA;NA;NA;NA;NA;NA;NA;NA;1
"61";"Clothianidin_2933_p";15;"j";NA;NA;NA;NA;NA;NA;NA;0.8;4.3;NA;NA;NA;NA;NA;0.2;NA;1.5;1.4;7.1;NA;4.1;NA;NA;NA;NA;NA;NA;NA;NA;1.4;1.8;NA;NA;NA;NA;NA;NA;NA;NA;NA;4.8;10;NA;NA;0.4;NA;NA;0.6;NA;0.2;0.3;1.4;0.7;NA;NA;NA;NA;NA;NA;NA;NA;NA;NA;28;4.7;0.8;3.3;NA;NA;NA;NA;NA;NA;NA;NA;NA;NA;NA;NA;NA;NA;NA;NA;NA;NA;NA;NA;NA;NA;NA;NA;NA;0.2
"65";"Cymoxanil_112_p";25;"n";NA;NA;NA;NA;NA;NA;NA;NA;NA;NA;NA;NA;NA;NA;NA;NA;NA;NA;NA;NA;NA;NA;NA;NA;NA;NA;NA;3.1;4.2;NA;NA;4.1;2.2;NA;NA;NA;NA;NA;NA;NA;1.3;NA;NA;4.1;4;NA;NA;NA;NA;NA;3.1;3.7;NA;5.2;NA;NA;4.2;NA;NA;NA;NA;NA;NA;NA;3.2;NA;NA;NA;NA;5.2;8.8;NA;3;NA;NA;NA;NA;NA;NA;NA;NA;NA;NA;NA;NA;NA;NA;NA;NA;17;NA;NA;1
"66";"Cyproconazol_86_p";15;"n";NA;NA;NA;NA;NA;NA;NA;NA;0.2;NA;NA;0.3;NA;NA;NA;NA;370;5.8;0.6;0.01;0.8;2;NA;NA;NA;NA;NA;0.5;1.2;1;0.1;NA;NA;NA;NA;NA;NA;NA;NA;NA;18;NA;NA;NA;NA;NA;NA;NA;NA;NA;1.2;0.4;17;34;NA;NA;NA;NA;NA;NA;NA;NA;NA;53;4.1;NA;NA;NA;NA;NA;NA;NA;NA;NA;NA;NA;NA;NA;NA;NA;NA;NA;NA;NA;NA;NA;NA;NA;NA;NA;NA;NA;0.01
"67";"Cyprodinil_148_p";0.5;"j";NA;NA;NA;NA;NA;NA;NA;NA;NA;NA;NA;NA;NA;NA;NA;NA;NA;NA;NA;NA;NA;NA;NA;NA;NA;NA;NA;NA;NA;NA;NA;NA;NA;NA;NA;NA;NA;0.4;NA;NA;NA;NA;NA;NA;NA;NA;NA;NA;NA;NA;NA;NA;0.2;NA;NA;NA;NA;NA;NA;NA;NA;NA;NA;NA;NA;2.6;NA;0.2;NA;NA;NA;NA;NA;NA;NA;NA;NA;NA;NA;NA;NA;NA;NA;NA;NA;NA;NA;NA;NA;NA;NA;NA;0.2
"70";"Diazinon_293_p_ex";20;"n";3.3;0.7;0.4;NA;21;10;20;2.3;25;9.5;1.6;4;11;5.3;0.6;7.9;0.6;39;66;NA;49;110;12;5.3;4.8;1.4;24;23;39;25;60;4.7;7.7;8.6;46;32;1.1;69;64;15;86;13;0.3;280;83;130;3.7;5.8;0.5;90;16;5.7;12;25;44;45;14;3.1;9.8;1.1;1;13;6.1;0.5;50;3.3;30;1;0.9;48;89;12;23;NA;NA;14;NA;NA;NA;NA;47;28;NA;NA;NA;NA;9.6;NA;NA;9.1;NA;9.9;0.3
"71";"Diazoxon_2705_p";NA;"n";NA;NA;NA;NA;0.4;0.3;0.5;NA;0.3;0.5;0.2;0.3;0.4;0.3;NA;0.3;0.2;0.7;0.8;NA;0.7;2.9;NA;NA;NA;NA;0.6;0.5;0.7;0.3;0.4;0.3;0.4;0.3;NA;0.4;NA;0.5;0.6;0.4;1.7;0.3;NA;3.4;1.1;2.9;NA;0.3;NA;2.1;0.4;NA;NA;0.3;1.2;1.6;0.3;NA;0.3;NA;NA;0.3;0.3;0.3;0.5;NA;0.4;NA;NA;0.4;0.7;NA;NA;NA;NA;NA;NA;NA;NA;NA;NA;NA;NA;NA;NA;NA;NA;NA;NA;NA;NA;NA;0.2
"72";"Dicamba_275_n";6;"j";2.9;NA;NA;NA;NA;NA;NA;2.5;NA;NA;NA;NA;NA;1.8;NA;NA;NA;2.3;NA;NA;NA;NA;3.9;NA;NA;NA;NA;NA;NA;NA;NA;NA;NA;11;NA;NA;NA;NA;NA;NA;NA;NA;NA;NA;NA;NA;2.6;NA;NA;NA;NA;NA;NA;NA;NA;NA;NA;NA;NA;NA;NA;NA;NA;NA;NA;NA;NA;NA;NA;NA;NA;NA;NA;5.2;NA;NA;NA;6.8;8.8;57;9;2.9;2.7;150;2.3;NA;NA;NA;NA;200;130;NA;1
"73";"Dichlorprop_270_n";NA;"j";0.6;NA;NA;NA;NA;NA;NA;NA;NA;NA;NA;0.4;NA;NA;NA;NA;NA;NA;NA;NA;NA;NA;NA;NA;NA;NA;NA;NA;NA;NA;NA;NA;NA;0.6;NA;NA;NA;NA;NA;NA;NA;NA;NA;NA;NA;NA;0.6;NA;NA;NA;NA;NA;NA;NA;NA;NA;NA;NA;NA;NA;NA;NA;NA;NA;NA;NA;NA;NA;NA;NA;NA;NA;NA;NA;NA;NA;NA;NA;NA;NA;NA;NA;NA;NA;NA;NA;NA;NA;NA;NA;NA;NA;0.4
"74";"Dichlorvos_3047_p";5;"n";NA;NA;NA;NA;NA;NA;NA;NA;NA;NA;NA;NA;NA;NA;NA;NA;NA;NA;NA;NA;NA;NA;NA;NA;NA;NA;0.3;NA;NA;NA;NA;NA;NA;NA;2.8;2.7;NA;0.1;0.4;NA;NA;1.7;NA;NA;NA;NA;NA;NA;NA;NA;NA;NA;NA;NA;NA;NA;NA;NA;NA;NA;NA;3.7;NA;NA;NA;23;40;NA;0.7;NA;NA;NA;NA;NA;NA;NA;NA;NA;NA;NA;NA;NA;NA;NA;NA;NA;NA;NA;NA;NA;NA;NA;0.1
"75";"Difenoconazol_2934_p";15;"n";0.5;NA;NA;NA;NA;NA;NA;NA;NA;NA;NA;NA;NA;NA;NA;NA;NA;NA;NA;NA;NA;NA;0.3;NA;NA;NA;NA;NA;NA;NA;NA;NA;NA;NA;NA;NA;NA;NA;NA;NA;NA;NA;NA;NA;NA;NA;NA;NA;NA;NA;NA;NA;NA;NA;NA;NA;NA;NA;NA;NA;NA;NA;NA;NA;NA;NA;NA;NA;NA;NA;NA;NA;NA;NA;NA;NA;NA;NA;NA;NA;NA;NA;NA;NA;NA;NA;NA;NA;NA;NA;NA;NA;0.3
"79";"Dimethachlor-ESA_2535_n";NA;"n";0.6;0.6;0.6;0.6;0.6;0.6;0.6;0.6;0.6;0.6;0.6;0.6;0.6;0.6;0.6;0.6;0.6;0.6;0.6;0.6;0.6;0.6;0.6;0.6;0.6;0.6;0.6;0.6;0.6;0.6;0.6;0.6;0.6;0.6;0.6;0.6;0.6;0.6;0.6;0.6;0.6;0.6;0.6;0.6;0.6;0.6;0.6;0.6;0.6;0.6;0.6;0.6;0.6;0.6;0.6;0.6;0.6;0.6;0.6;0.6;0.6;0.6;0.6;0.6;0.6;0.6;0.6;0.6;0.6;0.6;0.6;0.6;0.6;NA;NA;NA;NA;NA;NA;NA;NA;NA;NA;NA;NA;NA;NA;NA;NA;NA;NA;NA;0.5
"83";"Dimethenamid-OXA_259_n";NA;"n";NA;NA;NA;NA;NA;NA;NA;NA;NA;NA;NA;NA;NA;NA;NA;NA;NA;NA;NA;NA;NA;NA;NA;NA;NA;NA;NA;NA;NA;NA;NA;NA;NA;NA;NA;NA;NA;NA;NA;NA;18;NA;NA;NA;NA;NA;NA;NA;NA;NA;NA;NA;NA;NA;NA;NA;NA;NA;NA;NA;NA;NA;NA;NA;23;NA;NA;NA;NA;NA;NA;NA;NA;NA;NA;NA;NA;NA;NA;NA;NA;NA;NA;NA;NA;NA;NA;NA;NA;NA;NA;NA;9
"84";"Dimethenamid_254_p";2;"j";NA;NA;NA;NA;NA;NA;NA;0.9;6.8;NA;NA;NA;NA;NA;NA;NA;13;33;NA;NA;NA;0.4;NA;NA;NA;NA;NA;0.4;0.5;0.7;3.1;2;6.3;0.4;NA;NA;NA;NA;NA;NA;1900;NA;NA;0.4;NA;54;NA;NA;NA;NA;NA;0.3;NA;0.2;NA;NA;0.4;NA;NA;NA;NA;NA;NA;0.3;290;NA;NA;NA;NA;NA;NA;18;29;NA;NA;NA;NA;NA;NA;9.8;44;NA;NA;NA;NA;NA;NA;NA;NA;6;6.1;NA;0.2
"85";"Dimethoat_2761_p";0.3;"j";3.8;NA;NA;NA;NA;NA;NA;NA;1.2;NA;NA;NA;NA;NA;NA;NA;NA;6.9;NA;4.2;NA;NA;1.3;NA;NA;NA;NA;NA;NA;0.5;0.9;0.2;0.2;NA;NA;NA;NA;NA;NA;NA;0.6;NA;NA;NA;NA;NA;NA;NA;140;8.1;1.9;1.3;1.3;1.9;NA;NA;NA;0.8;4.2;NA;NA;NA;1.4;NA;1.7;NA;NA;2.8;3.1;NA;NA;NA;NA;NA;NA;NA;NA;NA;NA;NA;NA;NA;NA;NA;NA;3.2;NA;NA;NA;NA;NA;NA;0.2
"86";"Dimethomorph_2944_p";NA;"n";0.1;0.1;0.1;0.1;0.1;0.1;0.1;0.1;0.1;0.1;0.1;0.1;0.1;0.1;0.2;0.1;0.1;0.1;2.4;0.4;0.1;0.3;0.1;3.5;4.6;0.3;0.1;0.1;0.1;0.1;0.6;0.1;0.1;0.1;0.1;0.1;0.1;0.1;0.1;0.4;0.1;0.1;0.1;0.1;0.1;0.1;0.8;37;0.4;3.6;1.1;0.5;0.1;0.9;1;1.2;2.3;0.2;0.9;0.1;0.1;2.6;2.2;0.4;0.7;0.1;0.1;0.3;0.2;0.8;1.2;0.6;1;NA;NA;NA;NA;NA;NA;NA;NA;NA;NA;NA;NA;NA;NA;NA;NA;NA;NA;NA;0.1
"87";"Dinoseb_257_n";NA;"n";NA;NA;NA;NA;NA;NA;NA;NA;NA;2.6;NA;NA;2.2;NA;4.4;0.3;NA;NA;NA;NA;5.7;1.3;NA;NA;1.2;1.6;NA;1.2;1.8;NA;NA;1.2;2.2;NA;3.7;5.4;NA;2.9;5.8;5.1;2.1;NA;1;9.8;10;3.4;NA;NA;NA;1.2;25;NA;NA;NA;12;34;NA;2.5;3.9;NA;NA;5.6;5.6;NA;23;NA;1.1;NA;NA;6.4;17;1.8;1.2;NA;NA;NA;NA;NA;NA;NA;NA;NA;NA;NA;NA;NA;NA;NA;NA;NA;NA;NA;0.3
"88";"Diuron-desdimethyl-1-(3-4-Dichlorophenyl)urea_289_p";NA;"n";NA;NA;NA;NA;NA;NA;NA;NA;NA;NA;NA;NA;NA;NA;NA;NA;NA;NA;NA;NA;NA;NA;NA;NA;NA;NA;NA;NA;NA;NA;NA;NA;NA;NA;NA;NA;NA;NA;NA;NA;NA;NA;NA;2.3;NA;NA;NA;NA;NA;NA;NA;NA;NA;NA;NA;NA;NA;NA;NA;NA;NA;NA;NA;NA;NA;NA;NA;NA;NA;NA;NA;NA;NA;NA;NA;NA;NA;NA;NA;NA;NA;NA;NA;NA;NA;NA;NA;NA;NA;NA;NA;NA;2
"89";"Diuron-desmonomethyl-(DCPMU)-1-(3-4-Dichlorophenyl)-3-methylurea_294_p";NA;"n";NA;NA;NA;NA;NA;NA;NA;NA;NA;NA;NA;NA;NA;NA;NA;NA;NA;NA;NA;NA;NA;1.8;NA;NA;NA;NA;NA;NA;NA;NA;1.4;NA;NA;NA;NA;NA;NA;NA;NA;NA;NA;NA;NA;7.3;NA;NA;NA;NA;NA;NA;0.3;1.8;NA;0.2;NA;NA;NA;NA;NA;NA;NA;NA;NA;NA;NA;NA;NA;0.3;NA;NA;NA;NA;NA;NA;NA;NA;NA;NA;NA;NA;NA;NA;NA;NA;NA;NA;NA;NA;NA;NA;NA;NA;0.2
"90";"Diuron_292_p";3;"j";NA;NA;NA;NA;NA;NA;NA;2.1;2.1;NA;NA;NA;NA;NA;NA;NA;NA;NA;2;0.5;NA;2.6;NA;NA;NA;1.1;NA;NA;0.8;4;6.9;NA;NA;NA;0.3;0.3;NA;NA;NA;NA;NA;0.7;NA;9.2;NA;0.4;NA;NA;0.6;NA;4.8;5.7;0.8;1.5;NA;NA;0.8;0.4;3;NA;NA;NA;NA;NA;0.4;NA;0.7;4.8;4.2;NA;NA;0.5;1.4;NA;NA;NA;NA;NA;NA;NA;NA;3.5;NA;NA;2.2;NA;NA;NA;NA;5.4;2.7;NA;0.3
"93";"Epoxiconazol_95_p";3;"j";NA;0.1;NA;NA;NA;NA;0.2;NA;0.4;NA;0.1;NA;0.4;0.2;0.2;0.4;0.5;NA;0.4;NA;1.2;0.6;NA;NA;0.2;NA;NA;0.4;0.4;NA;NA;0.2;0.3;0.2;NA;NA;NA;NA;NA;NA;0.3;0.1;0.1;1.2;0.7;NA;NA;NA;NA;0.2;0.5;0.3;0.2;0.5;NA;NA;0.2;NA;0.2;NA;NA;NA;NA;NA;NA;NA;NA;0.2;NA;2;3;0.1;NA;NA;NA;NA;NA;NA;NA;NA;NA;NA;NA;2.7;NA;NA;NA;NA;NA;NA;NA;NA;0.1
"96";"Ethofumesat_117_p";NA;"n";NA;NA;NA;NA;NA;NA;NA;NA;NA;NA;NA;NA;NA;NA;NA;NA;NA;NA;NA;NA;NA;NA;NA;NA;NA;NA;NA;NA;NA;NA;NA;NA;NA;NA;NA;NA;NA;NA;NA;NA;27;NA;NA;NA;NA;NA;NA;NA;NA;NA;NA;NA;NA;NA;NA;NA;NA;NA;NA;NA;NA;NA;NA;NA;82;NA;NA;NA;NA;NA;NA;NA;NA;NA;NA;NA;NA;NA;NA;NA;NA;NA;NA;NA;NA;NA;NA;NA;NA;NA;NA;NA;7
"98";"Fenamidone_3056_p";4;"n";NA;NA;NA;NA;NA;NA;NA;NA;NA;NA;0.1;NA;NA;NA;NA;NA;NA;NA;NA;NA;0.1;NA;NA;NA;NA;NA;0.2;NA;0.2;NA;0.2;NA;0.1;1.7;NA;NA;NA;0.1;0.2;0.2;NA;0.1;NA;NA;NA;NA;0.4;2.3;0.2;0.6;0.2;0.4;NA;0.7;1;1.2;0.4;NA;0.2;0.1;0.1;0.2;0.4;1.4;7.6;0.1;0.4;0.5;0.7;1.5;0.9;0.8;0.9;NA;NA;NA;NA;NA;NA;NA;NA;NA;NA;NA;NA;NA;NA;NA;NA;NA;NA;NA;0.1
"106";"Fipronil_2666_n";NA;"j";NA;NA;NA;NA;NA;NA;NA;NA;0.5;NA;NA;NA;NA;NA;NA;NA;NA;NA;NA;NA;NA;NA;NA;NA;NA;NA;NA;NA;NA;NA;NA;NA;NA;NA;NA;NA;NA;NA;NA;NA;NA;NA;NA;NA;NA;NA;NA;NA;NA;NA;NA;NA;NA;NA;NA;NA;NA;NA;NA;NA;NA;NA;NA;NA;NA;NA;NA;NA;NA;NA;NA;NA;NA;NA;NA;NA;NA;NA;NA;NA;NA;NA;NA;NA;NA;NA;NA;NA;NA;NA;NA;NA;0.5
"108";"Fluazifop_147_n";NA;"n";NA;NA;NA;NA;NA;NA;NA;NA;NA;NA;NA;NA;NA;NA;NA;NA;NA;NA;NA;NA;NA;28;NA;NA;NA;NA;NA;10;13;NA;NA;NA;NA;NA;NA;NA;NA;NA;NA;NA;NA;NA;NA;NA;NA;NA;NA;NA;NA;NA;3.2;NA;NA;NA;NA;NA;NA;NA;NA;NA;NA;NA;NA;NA;12;NA;NA;NA;NA;NA;NA;NA;NA;NA;NA;NA;NA;NA;NA;NA;NA;NA;NA;NA;NA;NA;NA;NA;NA;NA;NA;NA;3
"110";"Fludioxonil_162_n";300;"n";NA;NA;NA;NA;NA;NA;NA;NA;NA;NA;NA;NA;NA;NA;NA;NA;NA;NA;NA;NA;NA;NA;NA;NA;NA;NA;NA;NA;NA;NA;NA;NA;NA;NA;NA;NA;NA;NA;NA;NA;NA;NA;NA;NA;NA;NA;NA;NA;NA;NA;NA;NA;NA;NA;NA;NA;NA;NA;NA;NA;NA;NA;NA;NA;NA;1.2;NA;NA;NA;NA;NA;NA;NA;NA;NA;NA;NA;NA;NA;NA;NA;NA;NA;NA;NA;NA;NA;NA;NA;NA;NA;NA;1
"115";"Fluopicolide_3483_p";25;"n";NA;NA;NA;NA;NA;NA;NA;NA;NA;NA;NA;NA;NA;NA;NA;NA;NA;NA;NA;NA;NA;NA;NA;NA;NA;0.5;0.8;NA;NA;NA;NA;NA;NA;NA;NA;NA;NA;NA;NA;NA;NA;NA;NA;NA;NA;NA;NA;NA;3.3;0.7;NA;NA;NA;NA;NA;NA;NA;NA;NA;NA;NA;NA;NA;NA;NA;NA;NA;NA;NA;NA;NA;NA;NA;NA;NA;NA;NA;NA;NA;NA;NA;NA;NA;NA;NA;NA;NA;NA;NA;NA;NA;NA;0.5
"116";"Fluopyram_3484_p";7;"n";NA;NA;NA;NA;3;NA;NA;NA;NA;NA;NA;NA;NA;NA;NA;NA;NA;NA;NA;NA;NA;NA;NA;NA;NA;NA;2.8;0.6;1.2;NA;NA;NA;NA;NA;NA;NA;NA;NA;NA;NA;NA;NA;NA;NA;NA;NA;NA;NA;NA;4.9;0.7;NA;NA;NA;NA;NA;NA;NA;NA;NA;NA;NA;NA;NA;NA;NA;NA;NA;NA;NA;NA;NA;NA;NA;NA;NA;NA;NA;NA;NA;NA;NA;NA;NA;NA;NA;NA;NA;NA;NA;NA;NA;0.3
"121";"Foramsulfuron_2778_p";NA;"n";NA;NA;0.4;NA;NA;NA;NA;NA;NA;NA;NA;NA;NA;NA;NA;NA;NA;NA;NA;NA;NA;1.3;NA;NA;NA;NA;NA;NA;NA;1;NA;NA;NA;NA;NA;NA;NA;NA;NA;NA;NA;NA;NA;NA;NA;0.7;NA;NA;NA;NA;NA;0.5;NA;NA;NA;NA;NA;NA;NA;NA;NA;NA;NA;NA;NA;NA;NA;NA;NA;NA;NA;0.5;NA;NA;NA;NA;NA;NA;NA;NA;NA;NA;NA;NA;NA;NA;NA;NA;NA;NA;NA;NA;0.2
"124";"Imazamox_2939_p";NA;"n";NA;NA;NA;NA;NA;NA;NA;NA;16;NA;NA;NA;NA;NA;NA;NA;NA;NA;NA;NA;NA;NA;NA;NA;NA;NA;NA;NA;NA;NA;16;NA;NA;NA;NA;NA;NA;NA;NA;NA;NA;NA;NA;NA;NA;NA;NA;NA;NA;NA;NA;NA;46;49;NA;NA;NA;NA;NA;NA;NA;NA;NA;NA;NA;NA;NA;NA;NA;NA;NA;NA;NA;NA;NA;NA;NA;NA;NA;NA;NA;NA;NA;NA;NA;NA;NA;NA;NA;NA;NA;NA;0.2
"126";"Imidacloprid-urea_2956_p";NA;"n";NA;NA;0.2;0.1;NA;0.1;0.2;0.4;1;NA;0.3;0.9;NA;NA;NA;NA;NA;0.8;0.3;NA;NA;NA;NA;NA;NA;NA;NA;0.2;0.3;0.4;0.7;NA;NA;NA;NA;NA;NA;NA;NA;NA;1.1;NA;NA;0.4;0.3;NA;NA;NA;NA;NA;0.1;0.3;1.1;1.5;0.2;NA;NA;NA;NA;NA;NA;NA;NA;NA;0.4;NA;NA;NA;NA;0.3;0.4;NA;NA;NA;NA;NA;NA;NA;NA;NA;NA;NA;NA;NA;NA;NA;NA;NA;NA;NA;NA;NA;0.1
"127";"Imidacloprid_2709_p";0.1;"j";1.8;NA;25;23;1.7;20;25;34;140;5.1;1.6;3.4;6.4;NA;NA;NA;5.2;10;5.7;4.5;19;3.2;NA;1.2;NA;5.2;1.6;33;46;70;110;3.7;4;5.1;NA;NA;NA;NA;NA;NA;180;7.1;9.2;18;17;6.4;2.9;NA;2.2;2.1;19;59;190;250;7.1;6;16;NA;NA;NA;NA;NA;NA;53;64;NA;3.3;6.1;6.7;54;84;3.8;3.8;NA;0.7;1;0.7;1.6;0.9;0.4;0.8;0.6;0.8;1.3;0.8;0.6;0.7;6.5;9.1;1.8;0.8;1.2;0.4
"132";"Iprovalicarb_2936_p";3;"n";NA;NA;NA;NA;NA;NA;NA;NA;NA;NA;NA;NA;NA;NA;NA;NA;NA;NA;NA;NA;NA;NA;NA;NA;NA;NA;NA;NA;NA;NA;NA;NA;NA;NA;NA;NA;NA;NA;NA;NA;NA;NA;NA;NA;NA;NA;NA;NA;9.7;NA;NA;NA;NA;NA;NA;NA;NA;NA;NA;NA;NA;NA;NA;NA;3.4;NA;NA;0.9;0.8;NA;NA;NA;NA;NA;NA;NA;NA;NA;NA;NA;NA;NA;NA;NA;NA;NA;NA;NA;NA;NA;NA;NA;0.3
"134";"Irgarol_302_p";0.3;"j";NA;NA;NA;NA;NA;NA;NA;NA;NA;NA;NA;NA;NA;NA;NA;NA;NA;NA;NA;NA;NA;NA;NA;NA;NA;NA;0.9;NA;NA;NA;NA;NA;NA;NA;NA;NA;NA;NA;NA;NA;NA;NA;NA;1.4;NA;NA;NA;NA;NA;0.1;NA;NA;NA;NA;NA;NA;NA;NA;NA;NA;NA;NA;NA;NA;NA;NA;NA;NA;NA;NA;NA;NA;NA;NA;NA;NA;NA;NA;NA;NA;NA;NA;NA;NA;NA;NA;NA;0.4;NA;NA;NA;NA;0.1
"135";"Isoproturon-didemethyl-1-(4-Isoprophenyl)urea_285_p";NA;"n";NA;NA;NA;NA;NA;NA;NA;NA;NA;NA;NA;NA;NA;NA;NA;NA;NA;NA;NA;NA;NA;NA;NA;NA;NA;NA;NA;NA;NA;NA;NA;NA;NA;NA;NA;NA;NA;NA;NA;NA;NA;NA;5.1;NA;NA;NA;NA;NA;NA;NA;NA;NA;NA;NA;NA;NA;NA;NA;NA;NA;NA;NA;NA;NA;NA;NA;NA;0.2;0.1;NA;NA;NA;NA;NA;NA;NA;NA;NA;NA;NA;NA;NA;NA;NA;NA;NA;NA;NA;NA;NA;NA;NA;0.1
"136";"Isoproturon-monodemethyl-1-(4-Isoprophenyl)-3-methylurea_304_p";NA;"n";NA;NA;NA;NA;NA;NA;NA;NA;NA;NA;NA;NA;NA;NA;NA;NA;NA;NA;NA;1.7;NA;NA;NA;NA;NA;NA;NA;NA;NA;NA;NA;NA;NA;NA;NA;NA;NA;NA;NA;NA;NA;NA;1;NA;NA;NA;NA;NA;NA;NA;NA;NA;NA;NA;NA;NA;NA;NA;NA;NA;NA;NA;NA;NA;NA;NA;NA;NA;NA;NA;NA;NA;NA;NA;NA;NA;NA;NA;NA;NA;NA;NA;NA;NA;NA;NA;NA;NA;NA;NA;NA;NA;1
"137";"Isoproturon_286_p";0.3;"j";NA;NA;NA;NA;NA;NA;NA;NA;NA;NA;NA;NA;NA;NA;NA;NA;NA;NA;NA;NA;NA;NA;NA;NA;NA;NA;NA;NA;NA;NA;1.6;NA;NA;NA;NA;NA;NA;NA;NA;NA;NA;NA;26;NA;NA;NA;NA;NA;NA;NA;NA;NA;NA;NA;NA;NA;NA;NA;NA;NA;NA;NA;NA;NA;NA;NA;NA;4.2;4.3;NA;NA;NA;NA;NA;NA;NA;NA;NA;NA;NA;NA;NA;NA;NA;NA;NA;NA;NA;NA;NA;NA;NA;0.2
"141";"Lenacil_2949_p";25;"n";NA;NA;NA;NA;NA;NA;NA;NA;4.7;NA;NA;NA;NA;NA;1.6;NA;NA;NA;NA;NA;NA;NA;NA;NA;NA;NA;NA;NA;NA;NA;NA;NA;NA;NA;NA;NA;NA;7.7;14;NA;2.4;NA;NA;NA;NA;NA;NA;NA;NA;NA;NA;NA;2.5;3.3;NA;NA;NA;NA;NA;NA;NA;17;NA;NA;NA;NA;NA;NA;NA;NA;NA;4.4;5.9;NA;NA;NA;NA;NA;NA;NA;100;NA;NA;NA;NA;NA;NA;NA;NA;NA;NA;NA;1
"142";"Linuron_160_p";9;"j";NA;NA;2.4;0.4;NA;NA;NA;NA;NA;NA;NA;NA;NA;NA;NA;NA;NA;NA;NA;NA;NA;700;NA;NA;NA;3.7;NA;NA;NA;8.3;NA;NA;NA;NA;NA;NA;NA;NA;NA;NA;NA;NA;NA;NA;NA;19;NA;NA;1.1;NA;NA;NA;NA;1.3;NA;NA;NA;NA;NA;NA;NA;NA;NA;NA;NA;NA;NA;NA;NA;NA;NA;8.2;6.8;NA;NA;NA;NA;NA;NA;NA;NA;NA;NA;NA;NA;NA;NA;NA;NA;NA;NA;NA;0.4
"144";"Maleic-hydrazide_3489_p";NA;"n";3;1;1.6;1.4;3.2;3;1.4;4;2.7;2.8;1.5;2.8;2.9;1.7;2.6;3.3;4.2;6.5;4.1;4.6;2.6;3.9;5.4;3.8;5.9;3.2;7.2;8.8;3.9;6.7;3.5;10;3.4;5;3.5;3;4.4;3.6;5;6.5;6.6;6.9;3.9;4.9;2.2;4.9;4.3;6.5;5.9;4.1;5.5;4.4;3.6;3.8;31;3.6;6.5;5.1;3.8;3.5;3.3;2.8;3.4;2.6;3.3;1.8;4.2;3.1;2.3;3.3;4.3;2.8;2.6;NA;NA;NA;NA;NA;NA;NA;NA;NA;NA;NA;NA;NA;NA;NA;NA;NA;NA;NA;1
"145";"Mandipropamid_3061_p";30;"n";NA;NA;NA;NA;NA;NA;NA;NA;NA;NA;NA;NA;NA;NA;NA;NA;NA;NA;NA;NA;NA;NA;NA;NA;NA;NA;NA;NA;NA;NA;NA;NA;NA;NA;NA;NA;NA;NA;NA;NA;NA;NA;NA;NA;NA;NA;NA;8.6;NA;NA;NA;NA;NA;NA;NA;NA;NA;NA;NA;NA;NA;NA;NA;NA;NA;NA;NA;NA;NA;NA;NA;NA;NA;4.2;NA;2.6;NA;NA;NA;NA;NA;NA;NA;NA;NA;NA;3.8;NA;NA;NA;NA;NA;2
"146";"MCPA_261_n";6;"j";NA;NA;0.3;NA;NA;NA;NA;NA;NA;NA;NA;NA;NA;NA;NA;NA;NA;NA;NA;NA;NA;NA;NA;NA;NA;NA;NA;NA;NA;NA;NA;NA;NA;NA;NA;NA;NA;NA;NA;NA;NA;NA;NA;NA;NA;NA;NA;NA;NA;NA;0.8;NA;NA;NA;NA;NA;NA;NA;NA;NA;NA;NA;NA;NA;NA;NA;NA;NA;NA;NA;NA;NA;NA;NA;NA;NA;NA;NA;NA;NA;NA;NA;NA;NA;NA;NA;NA;NA;NA;NA;NA;NA;0.3
"154";"Metalaxyl_135_p";0.3;"j";NA;NA;NA;NA;NA;NA;NA;NA;13;NA;7.9;17;51;NA;NA;NA;NA;NA;NA;NA;NA;NA;NA;NA;NA;NA;NA;NA;NA;NA;5.4;NA;NA;18;8;8.6;NA;NA;NA;NA;4;NA;NA;NA;NA;NA;NA;2.3;NA;7.4;NA;NA;18;25;4.1;3.8;10;3.2;9.5;NA;NA;NA;NA;NA;NA;NA;NA;NA;NA;NA;4.8;3.3;3.4;NA;NA;68;NA;NA;NA;NA;NA;NA;NA;NA;NA;NA;NA;NA;NA;NA;NA;NA;0.2
"155";"Metamitron-Desamino_4_p";NA;"n";NA;NA;NA;NA;NA;0.2;0.3;NA;0.4;NA;NA;NA;0.1;NA;NA;NA;0.2;NA;0.2;0.2;0.1;0.5;NA;NA;NA;NA;NA;0.4;0.5;NA;NA;NA;NA;NA;NA;NA;NA;NA;NA;NA;23;NA;NA;NA;NA;NA;NA;NA;NA;NA;NA;NA;NA;0.2;NA;NA;NA;NA;NA;NA;NA;NA;NA;NA;14;NA;NA;NA;NA;NA;NA;NA;NA;NA;NA;NA;NA;NA;NA;NA;NA;NA;NA;NA;NA;NA;NA;NA;NA;NA;NA;NA;0.1
"156";"Metamitron_58_p";0.3;"n";NA;NA;NA;NA;NA;NA;NA;NA;NA;NA;NA;NA;NA;NA;NA;NA;NA;NA;NA;NA;NA;NA;NA;0.1;NA;NA;NA;NA;0.4;NA;NA;NA;NA;NA;NA;NA;NA;NA;NA;NA;0.9;NA;NA;NA;NA;NA;NA;NA;NA;NA;NA;NA;NA;NA;NA;NA;NA;NA;NA;NA;NA;NA;NA;NA;0.8;NA;NA;NA;NA;NA;NA;NA;NA;NA;NA;NA;NA;NA;NA;NA;NA;NA;NA;NA;NA;NA;NA;NA;NA;NA;NA;NA;0.1
"157";"Metazachlor-ESA_705_n";NA;"n";0.5;0.5;0.5;0.5;0.5;0.5;0.5;0.5;0.5;0.5;0.5;0.5;0.5;0.5;0.5;0.5;0.5;0.5;0.5;0.5;0.5;0.5;0.5;0.5;0.5;0.5;0.5;0.5;0.5;0.5;0.5;0.5;0.5;0.5;0.5;0.5;0.5;0.5;0.5;0.5;0.5;0.5;0.5;0.5;0.5;0.5;0.5;0.5;0.5;0.5;0.5;0.5;0.5;0.5;0.5;0.5;0.5;0.5;0.5;0.5;0.5;0.5;0.5;0.5;0.5;0.5;0.5;0.5;0.5;0.5;0.5;0.5;0.5;NA;NA;NA;NA;NA;NA;NA;NA;NA;NA;NA;NA;NA;NA;NA;NA;NA;NA;NA;0.5
"161";"Methidathion_3096_p";30;"n";NA;NA;NA;NA;NA;NA;NA;NA;NA;NA;NA;NA;0.9;NA;NA;NA;NA;NA;NA;NA;NA;NA;NA;NA;NA;NA;NA;NA;NA;NA;NA;NA;NA;NA;NA;NA;NA;NA;NA;NA;NA;NA;NA;NA;NA;NA;NA;NA;NA;NA;NA;NA;NA;NA;NA;NA;NA;NA;NA;NA;NA;NA;NA;NA;NA;NA;NA;NA;NA;NA;NA;NA;NA;NA;NA;NA;NA;NA;NA;NA;NA;NA;NA;NA;NA;NA;NA;NA;NA;NA;NA;NA;0.5
"162";"Methiocarb-sulfoxide_2953_p";NA;"n";0.1;0.07;0.06;0.05;0.08;0.05;0.08;0.4;0.2;0.09;0.06;0.07;0.08;0.08;0.07;0.08;0.07;0.1;0.2;0.07;0.1;0.1;0.08;NA;0.08;0.1;0.1;0.1;0.1;0.7;0.1;NA;0.1;0.1;NA;0.08;NA;0.08;NA;0.09;0.2;0.2;0.1;0.07;0.1;0.08;0.07;0.07;0.08;0.06;0.09;0.2;0.08;0.1;0.08;0.07;0.07;0.08;0.1;0.07;0.09;0.07;0.08;0.06;0.1;NA;0.06;0.09;0.1;0.08;0.2;NA;NA;NA;NA;NA;NA;NA;NA;NA;NA;NA;NA;NA;NA;NA;NA;NA;NA;NA;NA;NA;0.05
"168";"Metolachlor-Morpholinon_67_p";NA;"n";NA;NA;NA;NA;NA;NA;NA;NA;16;NA;NA;NA;NA;NA;NA;NA;NA;NA;NA;NA;NA;NA;NA;NA;NA;NA;NA;NA;NA;NA;NA;NA;NA;NA;NA;NA;NA;NA;NA;NA;NA;NA;NA;NA;NA;NA;NA;NA;NA;NA;NA;NA;7.8;9.8;NA;NA;NA;NA;NA;NA;NA;NA;NA;NA;NA;NA;NA;NA;NA;NA;NA;NA;NA;NA;NA;NA;NA;NA;NA;NA;NA;NA;NA;NA;NA;NA;NA;NA;NA;NA;NA;NA;0.4
"169";"Metolachlor-OXA_265_n";NA;"n";NA;NA;NA;NA;NA;5.5;5.8;3.5;22;1.9;NA;NA;NA;NA;NA;NA;NA;NA;NA;NA;NA;4.1;NA;NA;NA;3.9;NA;7.5;10;26;12;NA;NA;NA;2.3;3;NA;NA;NA;NA;NA;NA;NA;7.7;8;7.9;NA;NA;NA;NA;7;15;63;94;2.5;3.1;NA;NA;2.7;2.4;NA;NA;NA;2.5;2.4;NA;NA;NA;NA;3.9;NA;4.1;4.2;NA;NA;NA;NA;NA;NA;NA;NA;NA;NA;NA;NA;NA;NA;NA;NA;NA;NA;NA;1
"170";"Metolachlor_268_p";NA;"j";1.8;0.8;1.8;1;23;21;32;2.6;1400;9.5;0.9;1.8;18;16;0.8;4.2;5.2;22;1.7;2.4;50;88;1.4;2;2.2;13;2;67;110;110;120;11;27;8.3;29;27;4.9;9.2;11;13;25;0.4;0.9;41;34;190;1.4;1.9;3;1.4;39;14;370;600;11;23;2.9;4.7;16;4.5;2.2;1.9;4.4;3.8;8.5;NA;NA;1.3;1.2;15;21;28;47;NA;NA;NA;NA;NA;NA;NA;NA;NA;NA;NA;NA;NA;NA;NA;NA;NA;NA;NA;0.3
"172";"Metoxuron_3204_p";NA;"n";NA;NA;NA;NA;NA;NA;NA;NA;36;NA;NA;NA;NA;NA;NA;NA;NA;NA;NA;NA;NA;NA;NA;NA;NA;NA;NA;NA;NA;NA;2.8;NA;NA;NA;NA;NA;NA;NA;NA;NA;NA;NA;NA;NA;NA;NA;NA;NA;NA;NA;NA;NA;2.6;4.3;NA;NA;NA;NA;NA;NA;NA;NA;NA;NA;NA;NA;NA;NA;NA;NA;NA;NA;NA;NA;NA;NA;NA;NA;NA;NA;NA;NA;NA;NA;NA;NA;NA;NA;NA;NA;NA;NA;2
"174";"Metribuzin-Desamino-(DA)_91_p";NA;"n";15;2.5;14;11;19;6.1;6.5;27;6;17;3.6;5.8;5.6;NA;43;27;0.9;6.2;1.2;2;3.4;3.3;5.8;2.4;3.5;20;14;3.3;4.5;9.1;5;2;1.6;6.7;3;3.1;1.3;5.6;7;7.6;8.3;0.4;0.8;3.2;2.8;1.8;3.4;1.3;7.5;9.6;2.1;2.9;1.1;2;2.3;2.3;6.6;1.1;1.9;0.3;0.4;2.7;4.7;1.1;5.6;0.1;0.4;0.6;0.6;1.5;2;1.1;1.1;NA;NA;NA;NA;NA;NA;NA;NA;NA;NA;NA;NA;NA;NA;NA;NA;NA;NA;NA;0.1
"175";"Metribuzin-Diketo-(DK)_93_Na";NA;"n";2.3;NA;5.3;0.4;4;11;9.3;13;7.5;4.5;3.1;7.3;14;6.3;NA;2.5;4.5;8.2;10;10;5.1;37;17;11;NA;20;7.5;17;7.5;32;9.5;NA;16;7.5;15;NA;6.4;21;25;7.7;40;2.7;NA;17;16;6.6;4.6;4.2;5.5;5.5;16;17;30;20;7.1;4.3;26;17;43;21;11;14;4.5;28;7.2;1.1;9.9;5.6;NA;NA;17;5;5.7;NA;NA;NA;NA;NA;NA;NA;NA;NA;NA;NA;NA;NA;NA;NA;NA;NA;NA;NA;0.4
"176";"Metribuzin_90_p";3;"n";100;15;150;110;40;11;14;150;44;150;80;130;46;2.4;97;320;3.8;43;17;14;31;37;41;56;57;160;120;18;26;83;36;28;39;120;50;40;23;48;61;140;24;9;6.5;18;16;13;11;13;47;79;21;18;10;15;26;26;46;8.1;17;2.7;3.3;15;58;9.8;30;2.6;10;4.4;4.6;17;42;30;34;17;1000;83;NA;NA;30;NA;NA;NA;NA;NA;110;320;79;54;120;1800;NA;NA;2
"177";"Metsulfuron-methyl-_128_n";NA;"j";NA;NA;NA;NA;NA;NA;NA;NA;NA;NA;NA;NA;NA;NA;NA;NA;NA;NA;NA;NA;NA;NA;NA;NA;NA;NA;NA;NA;NA;NA;NA;NA;NA;NA;NA;NA;NA;NA;NA;NA;NA;NA;NA;NA;NA;NA;NA;NA;NA;NA;NA;NA;NA;NA;NA;NA;NA;NA;NA;NA;NA;NA;NA;2.2;NA;NA;NA;NA;NA;NA;NA;NA;NA;NA;NA;NA;NA;NA;NA;NA;NA;NA;NA;NA;NA;NA;NA;NA;NA;NA;NA;NA;2
"178";"Metsulfuron-methyl_128_p";NA;"n";NA;NA;NA;NA;NA;NA;NA;NA;NA;NA;NA;NA;NA;NA;NA;NA;NA;NA;NA;NA;NA;NA;NA;NA;NA;NA;NA;NA;NA;NA;NA;NA;NA;NA;NA;NA;NA;NA;NA;NA;NA;NA;NA;NA;NA;NA;NA;NA;NA;NA;NA;NA;NA;NA;NA;NA;NA;NA;NA;NA;NA;NA;NA;1.8;NA;NA;NA;NA;NA;NA;NA;NA;NA;NA;NA;NA;NA;NA;NA;NA;NA;NA;NA;NA;NA;NA;NA;NA;NA;NA;NA;NA;1
"179";"Monolinuron_3173_p";NA;"n";NA;NA;NA;NA;NA;NA;NA;NA;NA;NA;NA;NA;NA;NA;NA;NA;NA;NA;NA;NA;NA;1.1;NA;NA;NA;NA;NA;NA;NA;NA;NA;NA;NA;NA;NA;NA;NA;NA;NA;NA;NA;NA;NA;NA;NA;NA;NA;NA;NA;NA;NA;NA;NA;NA;NA;NA;NA;NA;NA;NA;NA;NA;NA;NA;NA;NA;NA;NA;NA;NA;NA;NA;NA;NA;NA;NA;NA;NA;NA;NA;NA;NA;NA;NA;NA;NA;NA;NA;NA;NA;NA;NA;0.5
"180";"Monuron_161_p";NA;"n";NA;NA;NA;NA;NA;NA;NA;NA;NA;NA;NA;NA;NA;NA;NA;NA;NA;NA;NA;NA;NA;NA;NA;NA;NA;NA;NA;NA;NA;NA;NA;NA;NA;NA;NA;NA;NA;NA;NA;NA;NA;NA;NA;NA;NA;NA;NA;NA;NA;NA;0.4;NA;NA;NA;NA;NA;NA;NA;NA;NA;NA;NA;NA;NA;NA;NA;NA;NA;NA;NA;NA;NA;NA;NA;NA;NA;NA;NA;NA;NA;NA;NA;NA;NA;NA;NA;NA;NA;NA;NA;NA;NA;0.4
"181";"Myclobutanil_2957_p";10;"n";NA;NA;NA;NA;NA;NA;NA;NA;NA;NA;NA;NA;NA;NA;NA;NA;NA;NA;NA;NA;NA;NA;NA;NA;NA;NA;NA;NA;NA;NA;NA;NA;NA;NA;NA;NA;NA;NA;NA;NA;NA;NA;NA;NA;NA;NA;NA;NA;NA;NA;NA;NA;NA;NA;1.5;1.5;NA;NA;NA;NA;NA;NA;NA;NA;NA;NA;NA;NA;NA;NA;NA;NA;NA;NA;NA;NA;NA;NA;NA;NA;NA;NA;NA;NA;NA;NA;NA;NA;NA;NA;NA;NA;1
"183";"N-N-diethyl-3-methylbenzamid-(DEET)_213_p";NA;"j";47;NA;20;23;38;NA;NA;NA;NA;NA;NA;NA;26;NA;NA;28;NA;NA;NA;34;35;38;NA;NA;44;NA;NA;NA;NA;NA;21;NA;NA;NA;NA;NA;NA;47;NA;NA;30;NA;NA;NA;NA;25;22;32;56;27;3600;400;260;100;58;NA;91;37;38;40;70;40;46;44;68;41;140;73;36;28;29;NA;59;NA;NA;NA;NA;NA;NA;NA;NA;NA;NA;NA;NA;NA;NA;NA;NA;NA;NA;NA;20
"187";"Nicosulfuron_129_p";0.5;"j";NA;NA;NA;NA;7.4;NA;0.3;NA;2.5;16;1.2;2.2;NA;NA;NA;NA;NA;NA;NA;NA;NA;NA;NA;NA;NA;NA;NA;4.5;7.2;28;7.6;2.6;3.9;1.3;NA;NA;NA;NA;NA;NA;11;NA;NA;13;17;3.1;NA;NA;NA;NA;4.8;8.6;14;22;3.8;2.8;6.4;NA;NA;NA;NA;NA;NA;1.1;18;0.4;1.2;NA;NA;9.3;9.2;10;6.3;NA;NA;NA;NA;NA;NA;NA;NA;NA;NA;NA;NA;NA;NA;NA;NA;NA;NA;NA;0.3
"191";"Oryzalin_3099_p";NA;"n";NA;NA;NA;NA;0.5;NA;NA;NA;NA;1.3;1.4;5.2;15;21;NA;NA;NA;NA;NA;NA;NA;NA;NA;NA;NA;NA;NA;6.6;10;NA;NA;NA;1.1;NA;21;9.6;19;2.2;3.8;NA;NA;NA;NA;NA;NA;NA;NA;NA;NA;1.1;1.9;NA;NA;NA;1.4;NA;4.3;2.5;NA;6;NA;10;NA;NA;NA;NA;NA;0.9;NA;NA;NA;NA;NA;NA;NA;NA;NA;NA;NA;NA;NA;NA;NA;NA;NA;NA;NA;NA;NA;NA;NA;NA;0.5
"196";"Pencycuron_3064_p";5;"n";NA;NA;NA;NA;NA;11;14;0.2;0.2;3.3;NA;NA;NA;NA;NA;1.3;NA;NA;0.1;NA;1.1;1.1;NA;NA;NA;NA;0.2;12;22;0.5;NA;1.6;1.8;NA;NA;NA;NA;NA;NA;0.5;NA;NA;NA;0.3;0.5;1.8;NA;NA;NA;NA;15;NA;NA;NA;1.6;1.2;NA;NA;NA;NA;NA;NA;NA;NA;0.3;NA;NA;NA;NA;NA;NA;1.1;3;NA;NA;NA;NA;NA;NA;NA;NA;NA;NA;NA;NA;NA;NA;5.7;17;NA;NA;NA;0.1
"199";"Picaridin-(Icaridin)_2991_p";NA;"n";3.3;1.2;1.4;1.2;2.3;2.9;9.1;2.4;1.6;1.6;1.2;2;2.4;2.1;1.3;2.5;1.4;1.5;2.1;3.9;3.1;3.5;2.3;1.2;25;1.8;1.4;NA;NA;1.2;1.2;1.3;1.2;4;1.2;NA;1.4;37;NA;1.1;0.9;1.4;3;NA;1.2;NA;2.6;1.5;1.9;5.3;1;1.2;15;NA;13;6.3;12;1.3;NA;5.3;1.7;1.7;5.8;1.7;2.3;3.2;2;16;3.1;1.4;NA;NA;2;NA;NA;NA;NA;NA;NA;NA;NA;NA;NA;NA;NA;NA;NA;NA;NA;NA;NA;NA;0.3
"200";"Picoxystrobin_3816_p";20;"n";NA;NA;NA;NA;0.1;NA;NA;NA;NA;0.3;NA;0.2;NA;NA;NA;NA;600;8.4;0.9;0.2;1.3;2.2;NA;NA;NA;NA;NA;NA;0.2;NA;NA;NA;NA;NA;NA;NA;NA;NA;NA;NA;13;NA;NA;NA;NA;NA;NA;NA;NA;NA;NA;NA;7.8;19;NA;NA;NA;NA;NA;NA;NA;0.5;NA;39;1.5;NA;NA;NA;NA;NA;NA;NA;NA;NA;NA;NA;NA;NA;NA;NA;NA;NA;NA;NA;NA;NA;NA;NA;NA;NA;NA;NA;0.1
"202";"Piperonyl-butoxide_2990_Na";NA;"n";NA;NA;NA;NA;NA;NA;NA;NA;NA;NA;NA;NA;NA;NA;NA;NA;NA;NA;NA;1.4;1.5;0.6;0.3;NA;NA;NA;NA;NA;NA;NA;0.4;NA;NA;NA;NA;NA;NA;NA;NA;NA;NA;NA;NA;NA;NA;NA;3.1;NA;NA;NA;NA;NA;NA;NA;0.9;1.4;NA;NA;NA;NA;NA;NA;NA;NA;0.8;NA;NA;NA;0.3;0.7;0.7;NA;NA;NA;NA;NA;NA;NA;NA;NA;NA;NA;NA;NA;NA;NA;NA;NA;NA;NA;NA;NA;0.3
"204";"Prochloraz_96_p";10;"j";NA;NA;NA;NA;NA;NA;NA;NA;19;NA;NA;NA;NA;NA;NA;0.4;NA;NA;NA;NA;NA;NA;NA;NA;NA;NA;NA;NA;NA;NA;19;NA;NA;NA;NA;NA;NA;NA;NA;0.4;0.2;NA;NA;NA;NA;NA;NA;NA;NA;NA;NA;NA;6.7;13;NA;NA;NA;NA;NA;NA;NA;NA;0.2;NA;0.7;NA;NA;NA;NA;NA;NA;NA;NA;NA;NA;NA;NA;NA;NA;NA;NA;NA;NA;NA;NA;NA;NA;NA;NA;NA;NA;NA;0.2
"205";"Prometon_132_p";NA;"n";NA;NA;NA;NA;NA;NA;NA;NA;0.8;NA;0.1;3.3;NA;NA;NA;0.07;NA;0.9;NA;NA;NA;0.3;NA;NA;NA;NA;NA;0.4;0.3;1;1.2;0.1;0.04;1.5;0.06;0;NA;0.1;0.2;NA;1.5;NA;NA;0.4;0.2;1.3;NA;NA;NA;0.2;NA;0.5;0.3;1.3;NA;0.2;0.5;NA;NA;NA;NA;0.1;NA;NA;0.7;NA;NA;NA;0.2;0.1;0.2;NA;0.2;NA;NA;NA;NA;NA;NA;NA;NA;NA;NA;NA;NA;NA;NA;NA;NA;NA;NA;NA;0
"206";"Prometryn_133_p";NA;"n";0.7;NA;1.6;1;0.7;0.3;0.5;0.6;1.7;1.3;1.7;2.9;1;0.1;0.2;0.6;0.4;8.4;1.7;0.6;0.9;1.8;0.7;0.1;0.1;1.9;1.3;0.7;1.1;0.9;2.7;0.3;0.7;6.4;0.3;0.3;0.05;0.1;0.2;0.9;7.9;1.3;9.3;1.8;1.2;2.1;0.6;0.3;1.1;1.9;0.5;4.5;2.1;3.6;1;1.1;13;0.2;0.7;NA;NA;0.2;0.6;0.2;5.2;0.1;0.9;2.8;2.8;0.8;0.7;0.7;1.2;NA;NA;NA;NA;NA;NA;NA;NA;NA;NA;NA;NA;NA;NA;NA;NA;NA;NA;NA;0.05
"207";"Propachlor-ESA_665_n";NA;"n";NA;NA;NA;NA;NA;1.6;1.7;NA;NA;NA;NA;NA;NA;NA;NA;NA;3.1;NA;NA;NA;NA;NA;NA;NA;NA;NA;NA;2.7;NA;3.9;3.5;NA;NA;NA;NA;NA;NA;NA;NA;NA;NA;NA;NA;NA;NA;NA;NA;NA;NA;NA;2.5;3.3;4.6;8.9;NA;NA;NA;NA;NA;NA;NA;NA;NA;10;NA;NA;NA;NA;NA;NA;NA;NA;1.3;NA;NA;NA;NA;NA;NA;NA;NA;NA;NA;NA;NA;NA;NA;NA;NA;NA;NA;NA;1
"209";"Propachlor_708_p";NA;"n";NA;NA;NA;NA;NA;NA;NA;NA;NA;NA;NA;NA;NA;NA;NA;NA;NA;NA;NA;0.2;0.2;0.2;NA;NA;NA;NA;NA;NA;NA;NA;NA;NA;NA;NA;NA;NA;NA;NA;NA;NA;NA;NA;NA;NA;NA;NA;NA;NA;NA;NA;NA;NA;NA;NA;NA;NA;NA;NA;NA;NA;NA;NA;NA;NA;NA;NA;NA;NA;NA;NA;NA;NA;NA;NA;NA;NA;NA;NA;NA;NA;NA;NA;NA;NA;NA;NA;NA;NA;NA;NA;NA;NA;0.2
"210";"Propamocarb_2945_p";1;"j";NA;NA;NA;NA;NA;NA;NA;NA;NA;NA;NA;NA;0.6;NA;NA;NA;NA;NA;NA;NA;NA;NA;NA;NA;NA;0.4;NA;NA;NA;NA;NA;NA;NA;NA;NA;NA;NA;NA;NA;NA;NA;NA;NA;NA;NA;NA;NA;NA;1.3;NA;NA;NA;NA;NA;NA;NA;NA;NA;NA;NA;NA;NA;NA;NA;NA;NA;NA;NA;NA;NA;NA;NA;NA;NA;NA;NA;NA;NA;NA;NA;NA;NA;NA;NA;NA;NA;NA;NA;NA;NA;NA;NA;0.4
"212";"Propazine-2-hydroxy-(-Prometon-Hydroxy)_142_p";NA;"n";NA;NA;NA;NA;NA;NA;NA;NA;NA;NA;NA;NA;NA;NA;NA;NA;NA;NA;NA;NA;NA;NA;NA;NA;NA;NA;NA;NA;NA;NA;NA;NA;NA;NA;NA;NA;NA;NA;NA;NA;NA;NA;NA;NA;NA;0.6;NA;NA;NA;NA;NA;NA;NA;NA;NA;NA;NA;NA;NA;NA;NA;NA;NA;NA;NA;NA;NA;NA;NA;NA;NA;NA;NA;NA;NA;NA;NA;NA;NA;NA;NA;NA;NA;NA;NA;NA;NA;NA;NA;NA;NA;NA;0.5
"213";"Propiconazol_212_p";5;"j";NA;NA;7.5;4.7;NA;NA;NA;NA;1.3;0.2;0.8;1.8;0.9;NA;NA;2.1;2.3;NA;0.3;0.2;0.2;NA;0.3;NA;NA;14;NA;NA;NA;NA;1.9;NA;0.1;1.4;0.4;0.3;NA;NA;NA;1.5;0.5;NA;NA;0.5;0.3;NA;0.3;NA;4;NA;0.1;4.3;2.7;4.8;NA;0.2;0.3;NA;0.2;NA;NA;NA;1.2;2;0.5;NA;NA;NA;0.2;NA;0.3;NA;NA;NA;NA;NA;NA;NA;3.8;2.3;NA;NA;NA;NA;NA;NA;NA;NA;NA;NA;8.4;NA;0.1
"219";"Prothioconazole-desethio_3176_p";NA;"n";NA;NA;NA;NA;NA;NA;NA;NA;NA;NA;NA;NA;NA;NA;NA;NA;1.6;1.9;0.4;NA;0.4;0.1;NA;NA;NA;NA;NA;NA;NA;NA;0.1;NA;NA;NA;NA;NA;NA;NA;NA;NA;1.4;NA;NA;2.4;NA;NA;NA;NA;NA;NA;NA;NA;NA;0.1;NA;NA;NA;NA;NA;NA;NA;NA;NA;0.6;0.4;NA;NA;NA;NA;NA;NA;NA;NA;NA;NA;NA;NA;NA;NA;NA;NA;NA;NA;NA;NA;NA;NA;NA;NA;NA;NA;NA;0.1
"224";"Pyrimethanil_2712_p";10;"j";NA;NA;NA;NA;NA;NA;NA;NA;NA;NA;NA;NA;NA;NA;NA;NA;NA;NA;NA;NA;NA;NA;NA;NA;0.2;NA;NA;NA;2.7;NA;NA;NA;NA;NA;0.02;NA;NA;0.6;NA;NA;NA;NA;NA;NA;NA;NA;0.1;NA;NA;NA;NA;NA;0.5;0.2;NA;NA;NA;NA;NA;NA;NA;NA;NA;NA;NA;NA;NA;1;NA;NA;NA;NA;NA;NA;NA;NA;NA;NA;NA;NA;NA;NA;NA;NA;NA;NA;NA;NA;NA;NA;NA;NA;0.02
"225";"Pyrimidinol_2706_p";NA;"n";NA;2;2.2;1.8;6.2;7.2;7.8;5.2;9.6;4.1;2.3;4.3;13;2.3;2;4;2.4;23;23;NA;30;21;5;5.4;5.1;4.7;7.5;13;15;12;12;2.8;2.5;5.4;12;12;4.3;3.4;3.9;7.2;24;10;2.5;21;22;35;NA;3.6;2.7;9.4;83;7;5.5;7.9;18;17;5.8;5.6;8.2;3.7;3.6;3.6;5.1;3;11;4.5;10;1.7;2.3;9.7;13;11;11;NA;NA;NA;NA;NA;NA;NA;NA;NA;NA;NA;NA;NA;NA;NA;NA;NA;NA;NA;0.2
"230";"Rimsulfuron_130_p";NA;"n";NA;NA;NA;NA;NA;NA;NA;NA;NA;6.3;0.2;0.4;NA;NA;NA;0.6;NA;NA;NA;NA;0.5;NA;NA;NA;NA;NA;NA;0.5;1.6;NA;NA;2.9;3.7;NA;NA;NA;NA;0.8;0.7;0.5;NA;NA;NA;4.7;6.9;NA;NA;NA;NA;NA;NA;0.4;NA;NA;NA;NA;NA;NA;NA;NA;NA;NA;NA;NA;NA;NA;NA;0.5;0.6;4.4;5.6;NA;NA;NA;NA;NA;NA;NA;NA;NA;NA;NA;NA;NA;NA;NA;NA;NA;NA;NA;NA;NA;0.2
"231";"Simazin-2-hydroxy_668_p";NA;"n";24;1.8;49;25;7;39;54;240;190;28;25;64;80;12;37;44;68;110;22;16;150;170;36;5.1;6.3;180;10;100;160;360;190;11;18;69;43;52;6.1;56;92;77;220;12;10;220;210;260;27;2.9;97;11;60;270;140;210;34;30;67;27;50;5.8;3.5;53;59;130;320;4.3;16;14;14;110;150;94;120;NA;NA;NA;NA;NA;NA;NA;NA;NA;NA;NA;NA;NA;NA;NA;NA;NA;NA;NA;1
"232";"Simazin_262_p";25;"j";0.5;NA;35;4.8;1.5;0.6;0.8;1.3;5.3;1.7;0.4;0.9;5.6;0.1;5.1;1;NA;3.4;0.4;NA;0.9;1.2;0.3;NA;0.2;6.7;0.8;1;1.9;11;13;0.3;0.6;1.6;0.9;0.9;NA;38;50;NA;6.9;0.9;NA;0.9;0.7;17;0.4;NA;1.5;14;0.6;2.1;3.6;5.3;0.8;0.8;0.9;3.2;6.4;NA;NA;19;0.5;0.4;3.6;NA;0.5;0.5;0.5;0.4;0.7;1.8;1.8;NA;NA;NA;NA;NA;NA;NA;NA;NA;NA;NA;6.8;14;NA;5.4;12;NA;NA;NA;0.1
"242";"Tebuconazol_327_p";15;"n";4.5;34;9.9;5.6;11;1.1;1.4;9.7;47;6.7;16;46;30;5.7;25;10;470;320;11;5.8;7.8;6.6;12;7.9;1;17;3.3;21;30;27;28;4.8;8.6;2.7;2.9;2.7;0.7;1.2;2.4;4.4;160;3.5;12;2.2;2.2;4.4;3.8;3.3;5.2;3.9;9.9;15;11;19;16;3.1;31;1.8;2.8;3.1;2.4;3.4;3.5;120;59;4.5;4.2;8.9;3.5;2.3;5.8;2.2;7.2;NA;NA;27;12;39;22;170;200;110;120;160;NA;80;NA;7.1;4.4;NA;NA;110;0.5
"247";"Tembotrione_3177_NH4";NA;"n";NA;NA;NA;NA;NA;NA;NA;NA;NA;NA;NA;NA;NA;NA;NA;NA;NA;NA;NA;NA;NA;NA;NA;NA;NA;NA;NA;NA;NA;3.2;NA;NA;NA;NA;NA;NA;NA;NA;NA;NA;NA;NA;NA;NA;NA;NA;NA;NA;NA;NA;NA;NA;NA;NA;NA;NA;NA;NA;NA;NA;NA;NA;NA;NA;NA;NA;NA;NA;NA;NA;NA;NA;NA;NA;NA;NA;NA;NA;NA;NA;NA;NA;NA;NA;NA;NA;NA;NA;NA;NA;NA;NA;3
"250";"Terbumeton_346_p";NA;"n";NA;NA;NA;NA;NA;NA;NA;NA;0.8;NA;0.1;3.3;NA;NA;NA;NA;NA;0.9;NA;NA;NA;0.3;NA;NA;NA;NA;NA;0.4;0.3;1;1.4;0.1;NA;1.5;NA;NA;NA;0.1;0.2;NA;1.5;NA;NA;0.4;0.2;1.3;NA;NA;NA;0.2;NA;0.5;0.3;1.3;NA;0.2;0.5;NA;NA;NA;NA;0.1;NA;NA;0.7;NA;NA;NA;0.2;0.1;0.2;0.1;0.2;NA;NA;NA;NA;NA;NA;NA;NA;NA;NA;NA;NA;NA;NA;NA;NA;NA;NA;NA;0.1
"251";"Terbutryn_306_p";15;"j";0.7;0.05;1.6;1;0.7;0.3;0.5;0.6;1.7;1.3;1.7;2.9;1;0.1;0.2;0.6;0.4;8.4;1.7;0.6;0.9;1.8;0.7;0.1;0.1;1.9;1.3;0.7;1.1;0.9;2.7;0.3;0.7;6.4;0.3;0.3;0.06;0.1;0.2;0.9;7.8;1.3;9.2;1.8;1.2;2.1;0.6;0.3;1.1;1.9;0.5;4.5;2.1;3.6;1;1.1;12;0.2;0.7;NA;NA;0.2;0.6;0.2;5.2;0.1;0.9;2.8;2.8;0.8;0.7;0.7;1.2;NA;12;NA;NA;NA;NA;NA;37;NA;NA;NA;NA;15;NA;8.4;22;NA;5.4;NA;0.05
"253";"Terbutylazin-desethyl_671_p";NA;"n";6.3;3.3;9.6;3.7;7.8;8.2;10;25;98;29;7.5;21;16;5;20;17;18;52;12;10;26;42;15;21;21;49;21;40;59;110;92;19;27;46;38;37;15;63;95;32;230;11;9.4;32;29;71;5.3;8.2;13;12;39;67;92;120;42;47;67;17;36;7.8;6.3;44;16;16;64;1.5;7.4;8.8;8.6;21;34;29;37;NA;NA;NA;NA;NA;NA;NA;NA;NA;NA;NA;NA;NA;NA;NA;NA;NA;NA;NA;0.3
"254";"Terbutylazin_284_p";15;"j";9.1;4.5;170;51;320;69;97;150;1200;700;160;290;110;18;260;290;34;800;23;45;240;160;14;16;16;470;45;210;380;1800;1000;130;210;390;200;160;31;500;800;140;2300;27;14;150;120;1000;5.9;9.2;110;80;120;500;600;900;260;270;430;46;130;8.3;6.8;260;57;33;330;2.1;16;100;100;89;180;200;310;5.2;140;100;3.3;900;7.8;240;110;26;NA;150;5.8;500;61;10;29;270;50;1100;2
"255";"Thiabendazol_3180_p";10;"n";0.6;NA;0.3;0.2;NA;NA;NA;0.2;0.2;0.3;NA;NA;0.1;NA;NA;0.1;NA;0.1;0.1;0.2;NA;NA;9.8;0.07;0.1;0.5;0.1;0.5;0.3;0.3;0.3;0.2;0.5;0.1;0.1;0.06;0.1;0.05;0.09;0.2;0.1;0.1;0.2;0.1;0.08;0.3;6;0.5;0.4;0.2;0.05;0.1;0.1;0.2;0.08;0.1;0.09;0.1;0.2;0.1;0.05;0.1;0.1;NA;0.1;NA;0.09;0.2;0.2;0.06;0.08;0.05;0.06;NA;NA;NA;NA;NA;NA;NA;NA;NA;NA;NA;NA;NA;NA;NA;NA;NA;NA;NA;0.05
"256";"Thiacloprid-amide_2955_p";NA;"n";NA;0.3;3.1;1.9;1.4;1.7;2.2;4.1;3.4;1.5;0.6;1.4;1.6;NA;0.6;2.2;28;3.7;1.1;1.1;1;1.7;1.9;0.7;0.7;8.4;2.1;8.7;12;8.2;5.7;1.1;2;2.2;1.4;1.1;NA;1;1.8;4.2;24;1.1;0.7;3.4;3.7;3.6;1.5;1.4;8.4;6.6;4.2;7.7;3.1;4.8;3.9;4.3;8.6;1.5;3.2;0.7;1.3;4.6;9.9;47;14;0.6;2.2;1.4;1.6;1.8;3.2;2.4;3;NA;NA;NA;NA;NA;NA;NA;NA;NA;NA;NA;NA;NA;NA;NA;NA;NA;NA;NA;0.3
"257";"Thiacloprid_2954_p";7;"n";3.3;0.2;12;5.2;NA;0.5;0.6;2.3;2.9;1.2;0.4;0.9;1.5;NA;0.2;3.3;240;48;1;1.1;0.7;1.1;3.2;0.4;NA;15;NA;1.8;2.7;6.6;12;2.1;4.8;8;NA;0.3;NA;0.5;1.2;4.9;14;2.8;0.7;6.3;6;6.6;3.5;3.3;19;3.8;1.6;8;4.9;7.9;6.4;6;4.5;0.6;2.1;0.5;0.5;3.8;25;6.8;7.8;2.7;11;3.8;3.5;1.7;2.1;1.6;2;NA;NA;NA;NA;NA;NA;NA;NA;NA;NA;NA;NA;16;NA;NA;1.5;NA;NA;NA;0.2
"258";"Thiamethoxam_2941_p";0.5;"j";4.1;0.3;1.7;1.4;NA;0.3;0.3;6.8;2.7;0.4;0.1;0.4;0.8;NA;1.6;1.3;NA;1.7;8.6;1.5;0.8;1.6;2.6;0.2;0.5;3.5;0.7;0.9;1.4;11;4.9;0.5;0.8;0.5;0.6;0.6;NA;1.6;1.9;1.9;3.5;12;0.4;0.6;0.7;2.2;16;0.7;1.8;1.8;1.2;46;2.7;3.8;2.7;3.7;3.6;0.6;0.9;NA;NA;2.8;1.3;NA;6.7;1.2;5;1;1.1;1.2;2.5;0.9;1.3;NA;NA;0.5;NA;NA;NA;NA;1.8;13;NA;NA;1;1;0.3;0.5;1.5;13;9.2;NA;0.1
"260";"Thiencarbazone_3496_p";NA;"n";NA;NA;NA;NA;NA;NA;NA;2;2.3;2.8;NA;NA;NA;NA;NA;NA;23;3.6;NA;2.4;2.8;NA;NA;NA;NA;NA;NA;NA;2.6;19;9.9;NA;NA;1;NA;NA;NA;NA;NA;NA;99;NA;17;1.2;NA;NA;NA;NA;NA;NA;3;12;44;80;4.7;3.8;1;NA;NA;NA;NA;NA;NA;20;28;NA;NA;4.3;5.9;2.5;3.9;NA;NA;NA;NA;NA;NA;NA;NA;NA;NA;NA;NA;NA;NA;NA;NA;NA;NA;NA;NA;NA;1
"261";"Thifensulfuron-methyl_124_n";NA;"n";NA;NA;NA;NA;NA;NA;0.4;NA;NA;NA;NA;NA;NA;NA;NA;NA;NA;NA;NA;NA;NA;NA;NA;NA;NA;NA;NA;NA;NA;NA;NA;NA;NA;NA;NA;NA;NA;NA;NA;NA;NA;NA;NA;NA;NA;NA;NA;NA;NA;NA;NA;NA;NA;NA;NA;NA;NA;NA;NA;NA;NA;NA;NA;NA;NA;NA;NA;NA;NA;NA;NA;NA;NA;NA;NA;NA;NA;NA;NA;NA;NA;NA;NA;NA;NA;NA;NA;NA;NA;NA;NA;NA;0.4
"265";"Tribenuron-methyl_3498_p";NA;"n";NA;NA;NA;NA;NA;6.3;7.8;27;5.6;NA;NA;NA;NA;NA;NA;NA;NA;NA;NA;NA;NA;7.2;NA;NA;NA;NA;NA;2.5;2.7;13;4.1;NA;NA;NA;NA;NA;NA;NA;NA;NA;NA;NA;NA;NA;NA;3.1;NA;NA;NA;NA;NA;9.9;NA;2.9;NA;NA;NA;NA;NA;NA;NA;NA;NA;NA;NA;NA;NA;NA;NA;NA;NA;NA;NA;NA;NA;NA;NA;NA;NA;NA;NA;NA;NA;NA;NA;NA;NA;NA;NA;NA;NA;NA;2
"268";"Triclosan_168_n";NA;"j";9.2;NA;1.6;1.6;NA;0.5;NA;NA;0.6;NA;NA;NA;NA;NA;NA;3.8;NA;NA;5.2;NA;2.9;NA;11;NA;NA;5.7;NA;NA;NA;NA;NA;0.6;NA;NA;NA;NA;NA;NA;NA;2;NA;NA;NA;NA;NA;NA;8.6;NA;3.8;13;NA;NA;0.4;NA;NA;0.8;NA;NA;NA;NA;NA;NA;NA;NA;NA;NA;2;2.1;NA;NA;NA;NA;NA;NA;NA;NA;NA;NA;NA;NA;NA;NA;NA;NA;NA;NA;NA;NA;NA;NA;NA;NA;0.4
"269";"Trifloxystrobin_3181_p";30;"n";NA;NA;NA;NA;NA;NA;NA;NA;NA;NA;NA;NA;NA;NA;NA;NA;NA;50;NA;NA;NA;NA;NA;NA;NA;NA;NA;NA;NA;NA;NA;NA;NA;NA;NA;NA;NA;NA;NA;NA;7.3;NA;NA;NA;NA;NA;NA;NA;NA;NA;NA;NA;NA;NA;NA;NA;NA;NA;NA;NA;NA;NA;NA;NA;0.4;NA;NA;NA;NA;NA;NA;NA;NA;NA;NA;NA;NA;NA;NA;NA;NA;NA;NA;NA;NA;NA;NA;NA;NA;NA;NA;NA;0.4
"270";"Triflusulfuron-methyl_3182_p";NA;"n";NA;NA;NA;NA;NA;NA;NA;NA;NA;NA;NA;NA;NA;NA;NA;NA;NA;NA;NA;NA;NA;NA;NA;NA;NA;NA;NA;NA;NA;NA;NA;NA;NA;NA;NA;NA;NA;NA;NA;NA;7;NA;NA;NA;NA;NA;NA;NA;NA;NA;NA;NA;NA;NA;NA;NA;NA;NA;NA;NA;NA;NA;NA;NA;12;NA;NA;NA;NA;NA;NA;NA;NA;NA;NA;NA;NA;NA;NA;NA;NA;NA;NA;NA;NA;NA;NA;NA;NA;NA;NA;NA;0.2
"271";"Trinexapac-ethyl_151_p";NA;"n";4.2;NA;NA;NA;2.6;NA;NA;NA;12;6.6;NA;NA;4.2;NA;NA;8.3;9.9;11;3.3;NA;NA;9.6;5.2;NA;NA;6.1;NA;NA;NA;NA;20;NA;NA;NA;NA;NA;NA;NA;NA;12;16;5.8;NA;18;16;14;5.1;6.7;3.5;5.3;NA;6.8;18;26;7.3;9.4;6.7;NA;NA;NA;NA;NA;15;18;13;NA;9.4;NA;NA;12;19;13;17;NA;NA;NA;NA;NA;NA;NA;NA;NA;NA;NA;NA;NA;NA;NA;NA;NA;NA;NA;2
"6";"2-Imidazolidinethion_271_p";NA;"n";NA;NA;NA;NA;NA;NA;NA;NA;NA;NA;NA;NA;NA;NA;NA;NA;NA;NA;NA;NA;NA;NA;NA;NA;NA;NA;NA;NA;NA;NA;NA;NA;NA;NA;NA;NA;NA;NA;NA;NA;NA;NA;NA;NA;NA;NA;NA;NA;NA;NA;NA;NA;NA;NA;NA;NA;NA;NA;NA;NA;NA;NA;NA;NA;NA;NA;NA;NA;NA;NA;NA;NA;NA;NA;NA;NA;NA;NA;NA;NA;NA;NA;NA;NA;NA;NA;NA;NA;NA;NA;NA;NA;10
"8";"3-5-6-Trichloro-2-pyridinol_2704_n";NA;"n";NA;NA;NA;NA;NA;NA;NA;NA;NA;NA;NA;NA;NA;NA;NA;NA;NA;NA;NA;NA;NA;NA;NA;NA;NA;NA;NA;NA;NA;NA;NA;NA;NA;NA;NA;NA;NA;NA;NA;NA;NA;NA;NA;NA;NA;NA;NA;NA;NA;NA;NA;NA;NA;NA;NA;NA;NA;NA;NA;NA;NA;NA;NA;NA;NA;NA;NA;NA;NA;NA;NA;NA;NA;NA;NA;NA;NA;NA;NA;NA;NA;NA;NA;NA;NA;NA;NA;NA;NA;NA;NA;NA;200
"9";"3-5-dibromo-4-hydroxybenzoesaeure_804_n";NA;"n";NA;NA;NA;NA;NA;NA;NA;NA;NA;NA;NA;NA;NA;NA;NA;NA;NA;NA;NA;NA;NA;NA;NA;NA;NA;NA;NA;NA;NA;NA;NA;NA;NA;NA;NA;NA;NA;NA;NA;NA;NA;NA;NA;NA;NA;NA;NA;NA;NA;NA;NA;NA;NA;NA;NA;NA;NA;NA;NA;NA;NA;NA;NA;NA;NA;NA;NA;NA;NA;NA;NA;NA;NA;NA;NA;NA;NA;NA;NA;NA;NA;NA;NA;NA;NA;NA;NA;NA;NA;NA;NA;NA;15
"10";"3-Phenoxybenzoesaeure_326_n";NA;"n";NA;NA;NA;NA;NA;NA;NA;NA;NA;NA;NA;NA;NA;NA;NA;NA;NA;NA;NA;NA;NA;NA;NA;NA;NA;NA;NA;NA;NA;NA;NA;NA;NA;NA;NA;NA;NA;NA;NA;NA;NA;NA;NA;NA;NA;NA;NA;NA;NA;NA;NA;NA;NA;NA;NA;NA;NA;NA;NA;NA;NA;NA;NA;NA;NA;NA;NA;NA;NA;NA;NA;NA;NA;NA;NA;NA;NA;NA;NA;NA;NA;NA;NA;NA;NA;NA;NA;NA;NA;NA;NA;NA;25
"11";"3-Phenoxybenzyl-Alkohol_325_p";NA;"n";NA;NA;NA;NA;NA;NA;NA;NA;NA;NA;NA;NA;NA;NA;NA;NA;NA;NA;NA;NA;NA;NA;NA;NA;NA;NA;NA;NA;NA;NA;NA;NA;NA;NA;NA;NA;NA;NA;NA;NA;NA;NA;NA;NA;NA;NA;NA;NA;NA;NA;NA;NA;NA;NA;NA;NA;NA;NA;NA;NA;NA;NA;NA;NA;NA;NA;NA;NA;NA;NA;NA;NA;NA;NA;NA;NA;NA;NA;NA;NA;NA;NA;NA;NA;NA;NA;NA;NA;NA;NA;NA;NA;NA
"12";"4-5-Dichloro-2-n-octyl-isothiazol-3(2H)-on-(DCOIT)_344_p";NA;"n";NA;NA;NA;NA;NA;NA;NA;NA;NA;NA;NA;NA;NA;NA;NA;NA;NA;NA;NA;NA;NA;NA;NA;NA;NA;NA;NA;NA;NA;NA;NA;NA;NA;NA;NA;NA;NA;NA;NA;NA;NA;NA;NA;NA;NA;NA;NA;NA;NA;NA;NA;NA;NA;NA;NA;NA;NA;NA;NA;NA;NA;NA;NA;NA;NA;NA;NA;NA;NA;NA;NA;NA;NA;NA;NA;NA;NA;NA;NA;NA;NA;NA;NA;NA;NA;NA;NA;NA;NA;NA;NA;NA;5
"13";"4-Isopropylanilin_52_p";NA;"n";NA;NA;NA;NA;NA;NA;NA;NA;NA;NA;NA;NA;NA;NA;NA;NA;NA;NA;NA;NA;NA;NA;NA;NA;NA;NA;NA;NA;NA;NA;NA;NA;NA;NA;NA;NA;NA;NA;NA;NA;NA;NA;NA;NA;NA;NA;NA;NA;NA;NA;NA;NA;NA;NA;NA;NA;NA;NA;NA;NA;NA;NA;NA;NA;NA;NA;NA;NA;NA;NA;NA;NA;NA;NA;NA;NA;NA;NA;NA;NA;NA;NA;NA;NA;NA;NA;NA;NA;NA;NA;NA;NA;7
"16";"Acetochlor-ESA_103_n";NA;"n";NA;NA;NA;NA;NA;NA;NA;NA;NA;NA;NA;NA;NA;NA;NA;NA;NA;NA;NA;NA;NA;NA;NA;3100;NA;NA;NA;NA;11000;NA;NA;NA;500;NA;NA;NA;NA;130;NA;NA;NA;NA;NA;2200;2000;NA;NA;NA;NA;NA;NA;NA;2000;28000;41000;NA;NA;NA;NA;NA;NA;NA;NA;NA;NA;NA;NA;NA;NA;NA;NA;NA;NA;NA;NA;NA;NA;NA;NA;NA;NA;NA;NA;NA;NA;NA;NA;NA;NA;NA;NA;NA;NA
"17";"Acetochlor-OXA_102_n";NA;"n";3.2;NA;NA;NA;0.6;NA;NA;0.7;0.9;0.5;NA;0.4;1;NA;4.9;NA;5.1;0.8;0.5;14;0.4;1.2;7.1;NA;NA;0.4;0.9;0.4;0.7;1.3;7.9;NA;NA;3.5;NA;NA;NA;0.9;1.6;0.7;2.4;0.4;22;NA;NA;18;0.5;NA;NA;NA;38;NA;1.1;1.1;NA;NA;NA;NA;NA;NA;NA;NA;NA;0.4;NA;NA;NA;0.5;0.7;0.4;NA;NA;0.4;NA;NA;NA;NA;NA;NA;NA;NA;NA;NA;NA;NA;NA;NA;NA;NA;NA;NA;NA;NA
"19";"Alachlor-ESA_99_n";NA;"n";NA;NA;NA;NA;NA;NA;NA;NA;NA;NA;NA;NA;NA;NA;NA;NA;NA;NA;NA;NA;NA;NA;NA;NA;NA;NA;NA;NA;NA;NA;NA;NA;NA;NA;NA;NA;NA;NA;NA;NA;NA;NA;NA;NA;NA;NA;NA;NA;NA;NA;NA;NA;NA;NA;NA;NA;NA;NA;NA;NA;NA;NA;NA;NA;NA;NA;NA;NA;NA;NA;NA;NA;NA;NA;NA;NA;NA;NA;NA;NA;NA;NA;NA;NA;NA;NA;NA;NA;NA;NA;NA;NA;NA
"20";"Alachlor-OXA_100_n";NA;"n";4.2;NA;NA;NA;1.3;NA;NA;1.4;2.4;NA;1.4;8.7;NA;NA;1.5;NA;2.9;NA;NA;11;NA;4.6;5.9;NA;NA;NA;NA;14;99;NA;11;NA;1.5;3.7;NA;NA;NA;3.3;3.9;NA;NA;NA;7.9;6.4;NA;3.2;26;NA;NA;NA;3.6;NA;6.2;4.5;2.4;1.5;NA;NA;NA;NA;NA;NA;NA;NA;NA;NA;NA;NA;NA;NA;NA;1.7;3.1;NA;NA;NA;NA;NA;NA;NA;NA;NA;NA;NA;NA;NA;NA;NA;NA;NA;NA;NA;NA
"22";"Aldicarb_272_Na";NA;"j";NA;NA;NA;NA;NA;NA;NA;NA;NA;NA;NA;NA;NA;NA;NA;NA;NA;NA;NA;NA;NA;NA;NA;NA;NA;NA;NA;NA;NA;NA;NA;NA;NA;NA;NA;NA;NA;NA;NA;NA;NA;NA;NA;NA;NA;NA;NA;NA;NA;NA;NA;NA;NA;NA;NA;NA;NA;NA;NA;NA;NA;NA;NA;NA;NA;NA;NA;NA;NA;NA;NA;NA;NA;NA;NA;NA;NA;NA;NA;NA;NA;NA;NA;NA;NA;NA;NA;NA;NA;NA;NA;NA;300
"24";"Asulam_156_p";NA;"n";NA;NA;NA;NA;NA;NA;NA;NA;NA;NA;NA;NA;NA;NA;NA;NA;NA;NA;NA;NA;NA;NA;NA;NA;NA;NA;NA;NA;NA;NA;NA;NA;NA;NA;NA;NA;NA;NA;NA;NA;NA;NA;NA;NA;NA;NA;NA;NA;NA;NA;NA;NA;NA;NA;NA;NA;NA;NA;NA;NA;NA;NA;NA;NA;NA;NA;NA;NA;NA;NA;NA;NA;NA;NA;NA;NA;NA;NA;NA;NA;NA;NA;NA;NA;NA;NA;NA;NA;NA;NA;NA;NA;3
"26";"Atrazin-2-Hydroxy_279_p";NA;"j";NA;NA;NA;NA;NA;NA;NA;NA;NA;NA;NA;NA;NA;NA;NA;NA;NA;NA;NA;NA;NA;NA;NA;NA;NA;NA;NA;NA;NA;NA;NA;NA;NA;NA;NA;NA;NA;NA;NA;NA;NA;NA;NA;NA;NA;NA;NA;NA;NA;NA;NA;NA;NA;NA;NA;NA;NA;NA;NA;NA;NA;NA;NA;NA;NA;NA;NA;NA;NA;NA;NA;NA;NA;NA;NA;NA;NA;NA;NA;NA;NA;NA;NA;NA;NA;NA;NA;NA;NA;NA;NA;NA;0.2
"30";"Azamethiphos_2989_p";NA;"n";NA;NA;NA;NA;NA;NA;NA;NA;NA;NA;NA;NA;NA;NA;NA;NA;NA;NA;NA;NA;NA;NA;NA;NA;NA;NA;NA;NA;NA;NA;NA;NA;NA;NA;NA;NA;NA;NA;NA;NA;NA;NA;NA;NA;NA;NA;NA;NA;NA;NA;NA;NA;NA;NA;NA;NA;NA;NA;NA;NA;NA;NA;NA;NA;NA;NA;NA;NA;NA;NA;NA;NA;NA;NA;NA;NA;NA;NA;NA;NA;NA;NA;NA;NA;NA;NA;NA;NA;NA;NA;NA;NA;NA
"32";"Azoxystrobinsaeure_2734_n";NA;"n";NA;NA;NA;NA;NA;NA;NA;NA;NA;NA;NA;NA;NA;NA;NA;NA;NA;NA;NA;NA;NA;NA;NA;NA;NA;NA;NA;NA;NA;NA;NA;NA;NA;NA;NA;NA;NA;NA;NA;NA;NA;NA;NA;NA;NA;NA;NA;NA;NA;NA;NA;NA;NA;NA;NA;NA;NA;NA;NA;NA;NA;NA;NA;NA;NA;NA;NA;NA;NA;NA;NA;NA;NA;NA;NA;NA;NA;NA;NA;NA;NA;NA;NA;NA;NA;NA;NA;NA;NA;NA;NA;NA;25
"33";"Azoxystrobinsaeure_2734_p";NA;"n";NA;NA;NA;NA;NA;NA;NA;NA;NA;NA;NA;NA;NA;NA;NA;NA;NA;NA;NA;NA;NA;NA;NA;NA;NA;NA;NA;NA;NA;NA;NA;NA;NA;NA;NA;NA;NA;NA;NA;NA;NA;NA;NA;NA;NA;NA;NA;NA;NA;NA;NA;NA;NA;NA;NA;NA;NA;NA;NA;NA;NA;NA;NA;NA;NA;NA;NA;NA;NA;NA;NA;NA;NA;NA;NA;NA;NA;NA;NA;NA;NA;NA;NA;NA;NA;NA;NA;NA;NA;NA;NA;NA;0.3
"34";"Benalaxyl_3035_p";NA;"n";NA;NA;NA;NA;NA;NA;NA;NA;NA;NA;NA;NA;NA;NA;NA;NA;NA;NA;NA;NA;NA;NA;NA;NA;NA;NA;NA;NA;NA;NA;NA;NA;NA;NA;NA;NA;NA;NA;NA;NA;NA;NA;NA;NA;NA;NA;NA;NA;NA;NA;NA;NA;NA;NA;NA;NA;NA;NA;NA;NA;NA;NA;NA;NA;NA;NA;NA;NA;NA;NA;NA;NA;NA;NA;NA;NA;NA;NA;NA;NA;NA;NA;NA;NA;NA;NA;NA;NA;NA;NA;NA;NA;2
"37";"Bifenox-Saeure_109_n";NA;"n";NA;NA;NA;NA;NA;NA;NA;NA;NA;NA;NA;NA;NA;NA;NA;NA;NA;NA;NA;NA;NA;NA;NA;NA;NA;NA;NA;NA;NA;NA;NA;NA;NA;NA;NA;NA;NA;NA;NA;NA;NA;NA;NA;NA;NA;NA;NA;NA;NA;NA;NA;NA;NA;NA;NA;NA;NA;NA;NA;NA;NA;NA;NA;NA;NA;NA;NA;NA;NA;NA;NA;NA;NA;NA;NA;NA;NA;NA;NA;NA;NA;NA;NA;NA;NA;NA;NA;NA;NA;NA;NA;NA;30
"38";"Bixafen_3479_n";NA;"n";NA;NA;NA;NA;NA;NA;NA;NA;NA;NA;NA;NA;NA;NA;NA;NA;NA;NA;NA;NA;NA;NA;NA;NA;NA;NA;NA;NA;NA;NA;NA;NA;NA;NA;NA;NA;NA;NA;NA;NA;NA;NA;NA;NA;NA;NA;NA;NA;NA;NA;NA;NA;NA;NA;NA;NA;NA;NA;NA;NA;NA;NA;NA;NA;NA;NA;NA;NA;NA;NA;NA;NA;NA;NA;NA;NA;NA;NA;NA;NA;NA;NA;NA;NA;NA;NA;NA;NA;NA;NA;NA;NA;40
"39";"Bixafen_3479_p";NA;"n";NA;NA;NA;NA;NA;NA;NA;NA;NA;NA;NA;NA;NA;NA;NA;NA;NA;NA;NA;NA;NA;NA;NA;NA;NA;NA;NA;NA;NA;NA;NA;NA;NA;NA;NA;NA;NA;NA;NA;NA;NA;NA;NA;NA;NA;NA;NA;NA;NA;NA;NA;NA;NA;NA;NA;NA;NA;NA;NA;NA;NA;NA;NA;NA;NA;NA;NA;NA;NA;NA;NA;NA;NA;NA;NA;NA;NA;NA;NA;NA;NA;NA;NA;NA;NA;NA;NA;NA;NA;NA;NA;NA;15
"41";"Bromazil_266_p";NA;"n";NA;NA;NA;NA;NA;NA;NA;NA;NA;NA;NA;NA;NA;NA;NA;NA;NA;NA;NA;NA;NA;NA;NA;NA;NA;NA;NA;NA;NA;NA;NA;NA;NA;NA;NA;NA;NA;NA;NA;NA;NA;NA;NA;NA;NA;NA;NA;NA;NA;NA;NA;NA;NA;NA;NA;NA;NA;NA;NA;NA;NA;NA;NA;NA;NA;NA;NA;NA;NA;NA;NA;NA;NA;NA;NA;NA;NA;NA;NA;NA;NA;NA;NA;NA;NA;NA;NA;NA;NA;NA;NA;NA;10
"43";"Bronopol_295_FA";NA;"n";NA;NA;NA;NA;NA;NA;NA;NA;NA;NA;NA;NA;NA;NA;NA;NA;NA;NA;NA;NA;NA;NA;NA;NA;NA;NA;NA;NA;NA;NA;NA;NA;NA;NA;NA;NA;NA;NA;NA;NA;NA;NA;NA;NA;NA;NA;NA;NA;NA;NA;NA;NA;NA;NA;NA;NA;NA;NA;NA;NA;NA;NA;NA;NA;NA;NA;NA;NA;NA;NA;NA;NA;NA;NA;NA;NA;NA;NA;NA;NA;NA;NA;NA;NA;NA;NA;NA;NA;NA;NA;NA;NA;NA
"45";"Carbendazim_278_p";0.2;"j";38000;11000;27000;19000;15000;5200;11000;72000;46000;260000;7400;14000;27000;11000;11000;88000;13000;23000;13000;38000;24000;27000;36000;4300;10000;43000;26000;13000;25000;150000;44000;7700;12000;20000;7000;6900;22000;NA;NA;55000;28000;8000;62000;44000;25000;21000;19000;4100;21000;12000;18000;58000;34000;55000;11000;8600;29000;11000;11000;NA;NA;NA;23000;4600;91000;NA;7500;26000;27000;9900;15000;13000;18000;12;14;7;NA;NA;12;NA;NA;3.8;NA;10;2.7;22;3.6;2.2;4.7;19;NA;11;NA
"46";"Carbetamid_136_n";NA;"n";NA;NA;NA;NA;NA;NA;NA;NA;NA;NA;NA;NA;NA;NA;NA;NA;NA;NA;NA;NA;NA;NA;NA;NA;NA;NA;NA;NA;NA;NA;NA;NA;NA;NA;NA;NA;NA;NA;NA;NA;NA;NA;NA;NA;NA;NA;NA;NA;NA;NA;NA;NA;NA;NA;NA;NA;NA;NA;NA;NA;NA;NA;NA;NA;NA;NA;NA;NA;NA;NA;NA;NA;NA;NA;NA;NA;NA;NA;NA;NA;NA;NA;NA;NA;NA;NA;NA;NA;NA;NA;NA;NA;15
"47";"Carbofuran_3040_p";NA;"n";NA;NA;NA;NA;NA;NA;NA;NA;NA;NA;NA;NA;NA;NA;NA;NA;NA;NA;NA;NA;NA;NA;NA;NA;NA;NA;NA;NA;NA;NA;NA;NA;NA;NA;NA;NA;NA;NA;NA;NA;NA;NA;NA;NA;NA;NA;NA;NA;NA;NA;NA;NA;NA;NA;NA;NA;NA;NA;NA;NA;NA;NA;NA;NA;NA;NA;NA;NA;NA;NA;NA;NA;NA;NA;NA;NA;NA;NA;NA;NA;NA;NA;NA;NA;NA;NA;NA;NA;NA;NA;NA;NA;5
"48";"Chlorantraniliprole_3480_n";NA;"n";NA;NA;NA;NA;NA;NA;NA;NA;NA;NA;NA;NA;NA;NA;NA;NA;NA;NA;NA;NA;NA;NA;NA;NA;NA;NA;NA;NA;NA;NA;NA;NA;NA;NA;NA;NA;NA;NA;NA;NA;NA;NA;NA;NA;NA;NA;NA;NA;NA;NA;NA;NA;NA;NA;NA;NA;NA;NA;NA;NA;NA;NA;NA;NA;NA;NA;NA;NA;NA;NA;NA;NA;NA;NA;NA;NA;NA;NA;NA;NA;NA;NA;NA;NA;NA;NA;NA;NA;NA;NA;NA;NA;40
"49";"Chlorantraniliprole_3480_p";NA;"n";NA;NA;NA;NA;NA;NA;NA;NA;NA;NA;NA;NA;NA;NA;NA;NA;NA;NA;NA;NA;NA;NA;NA;NA;NA;NA;NA;NA;NA;NA;NA;NA;NA;NA;NA;NA;NA;NA;NA;NA;NA;NA;NA;NA;NA;NA;NA;NA;NA;NA;NA;NA;NA;NA;NA;NA;NA;NA;NA;NA;NA;NA;NA;NA;NA;NA;NA;NA;NA;NA;NA;NA;NA;NA;NA;NA;NA;NA;NA;NA;NA;NA;NA;NA;NA;NA;NA;NA;NA;NA;NA;NA;0.5
"50";"Chlorfenvinphos_3041_p";NA;"n";NA;NA;NA;NA;NA;NA;NA;NA;NA;NA;NA;NA;NA;NA;NA;NA;NA;NA;NA;NA;NA;NA;NA;NA;NA;NA;NA;NA;NA;NA;NA;NA;NA;NA;NA;NA;NA;NA;NA;NA;NA;NA;NA;NA;NA;NA;NA;NA;NA;NA;NA;NA;NA;NA;NA;NA;NA;NA;NA;NA;NA;NA;NA;NA;NA;NA;NA;NA;NA;NA;NA;NA;NA;NA;NA;NA;NA;NA;NA;NA;NA;NA;NA;NA;NA;NA;NA;NA;NA;NA;NA;NA;4
"51";"Chloridazon-desphenyl_698_p";NA;"j";NA;NA;NA;NA;NA;NA;NA;NA;NA;NA;NA;NA;NA;NA;NA;NA;NA;NA;NA;NA;NA;NA;NA;NA;NA;NA;NA;NA;NA;NA;NA;NA;NA;NA;NA;NA;NA;NA;NA;NA;NA;NA;NA;NA;NA;NA;NA;NA;NA;NA;NA;NA;NA;NA;NA;NA;NA;NA;NA;NA;NA;NA;NA;NA;NA;NA;NA;NA;NA;NA;NA;NA;NA;NA;NA;NA;NA;NA;NA;NA;NA;NA;NA;NA;NA;NA;NA;NA;NA;NA;NA;NA;1
"52";"Chloridazon-methyl-desphenyl_699_p";NA;"j";NA;NA;NA;NA;NA;NA;NA;NA;NA;NA;NA;NA;NA;NA;NA;NA;NA;NA;NA;NA;NA;NA;NA;NA;NA;NA;NA;NA;NA;NA;NA;NA;NA;NA;NA;NA;NA;NA;NA;NA;NA;NA;NA;NA;NA;NA;NA;NA;NA;NA;NA;NA;NA;NA;NA;NA;NA;NA;NA;NA;NA;NA;NA;NA;NA;NA;NA;NA;NA;NA;NA;NA;NA;NA;NA;NA;NA;NA;NA;NA;NA;NA;NA;NA;NA;NA;NA;NA;NA;NA;NA;NA;3
"53";"Chloridazon_88_p";NA;"j";NA;NA;NA;NA;NA;NA;NA;NA;NA;NA;NA;NA;NA;NA;NA;NA;NA;NA;NA;NA;NA;NA;NA;NA;NA;NA;NA;NA;NA;NA;NA;NA;NA;NA;NA;NA;NA;NA;NA;NA;NA;NA;NA;NA;NA;NA;NA;NA;NA;NA;NA;NA;NA;NA;NA;NA;NA;NA;NA;NA;NA;NA;NA;NA;NA;NA;NA;NA;NA;NA;NA;NA;NA;NA;NA;NA;NA;NA;NA;NA;NA;NA;NA;NA;NA;NA;NA;NA;NA;NA;NA;NA;5
"54";"Chlorothalonil-4-hydroxy-Carbonsaeureamid-(TP611968)_2893_n";NA;"n";NA;NA;NA;NA;NA;NA;NA;NA;NA;NA;NA;NA;NA;NA;NA;NA;NA;NA;NA;NA;NA;NA;NA;NA;NA;NA;NA;NA;NA;NA;NA;NA;NA;NA;NA;NA;NA;NA;NA;NA;NA;NA;NA;NA;NA;NA;NA;NA;NA;NA;NA;NA;NA;NA;NA;NA;NA;NA;NA;NA;NA;NA;NA;NA;NA;NA;NA;NA;NA;NA;NA;NA;NA;NA;NA;NA;NA;NA;NA;NA;NA;NA;NA;NA;NA;NA;NA;NA;NA;NA;NA;NA;2
"55";"Chlorpyrifos-methyl_2951_p_ex";NA;"j";NA;NA;NA;NA;NA;NA;NA;NA;NA;NA;NA;NA;NA;NA;NA;NA;NA;NA;NA;NA;NA;NA;NA;NA;NA;NA;NA;NA;NA;NA;NA;NA;NA;NA;NA;NA;NA;NA;NA;NA;NA;NA;NA;NA;NA;NA;NA;NA;NA;NA;NA;NA;NA;NA;NA;NA;NA;NA;NA;NA;NA;NA;NA;NA;NA;NA;NA;NA;NA;NA;NA;NA;NA;NA;NA;NA;NA;NA;NA;NA;NA;NA;NA;NA;NA;NA;NA;NA;NA;NA;NA;NA;1500
"56";"Chlorpyrifos_2950_ p";NA;"j";NA;NA;NA;NA;NA;NA;NA;NA;NA;NA;NA;NA;NA;NA;NA;NA;NA;NA;NA;NA;NA;NA;NA;NA;NA;NA;NA;NA;NA;NA;NA;NA;NA;NA;NA;NA;NA;NA;NA;NA;NA;NA;NA;NA;NA;NA;NA;NA;NA;NA;NA;NA;NA;NA;NA;NA;NA;NA;NA;NA;NA;NA;NA;NA;NA;NA;NA;NA;NA;NA;NA;NA;NA;NA;NA;NA;NA;NA;NA;NA;NA;NA;NA;NA;NA;NA;NA;NA;NA;NA;NA;NA;5
"58";"Clomazon_139_p";NA;"n";NA;NA;NA;NA;NA;NA;NA;NA;NA;NA;NA;NA;NA;NA;NA;NA;NA;NA;NA;NA;NA;NA;NA;NA;NA;NA;NA;NA;NA;NA;NA;NA;NA;NA;NA;NA;NA;NA;NA;NA;NA;NA;NA;NA;NA;NA;NA;NA;NA;NA;NA;NA;NA;NA;NA;NA;NA;NA;NA;NA;NA;NA;NA;NA;NA;NA;NA;NA;NA;NA;NA;NA;NA;NA;NA;NA;NA;NA;NA;NA;NA;NA;NA;NA;NA;NA;NA;NA;NA;NA;NA;NA;0.4
"59";"Cloquintocet-mexyl_3812_Na";NA;"n";NA;NA;NA;NA;NA;NA;NA;NA;NA;NA;NA;NA;NA;NA;NA;NA;NA;NA;NA;NA;NA;NA;NA;NA;NA;NA;NA;NA;NA;NA;NA;NA;NA;NA;NA;NA;NA;NA;NA;NA;NA;NA;NA;NA;NA;NA;NA;NA;NA;NA;NA;NA;NA;NA;NA;NA;NA;NA;NA;NA;NA;NA;NA;NA;NA;NA;NA;NA;NA;NA;NA;NA;NA;NA;NA;NA;NA;NA;NA;NA;NA;NA;NA;NA;NA;NA;NA;NA;NA;NA;NA;NA;NA
"62";"Cycloxydim_3045_p";NA;"n";NA;NA;NA;NA;NA;NA;NA;NA;NA;NA;NA;NA;NA;NA;NA;NA;NA;NA;NA;NA;NA;NA;NA;NA;NA;NA;NA;NA;NA;NA;NA;NA;NA;NA;NA;NA;NA;NA;NA;NA;NA;NA;NA;NA;NA;NA;NA;NA;NA;NA;NA;NA;NA;NA;NA;NA;NA;NA;NA;NA;NA;NA;NA;NA;NA;NA;NA;NA;NA;NA;NA;NA;NA;NA;NA;NA;NA;NA;NA;NA;NA;NA;NA;NA;NA;NA;NA;NA;NA;NA;NA;NA;0.2
"63";"Cycluron_3189_p";NA;"n";NA;NA;NA;NA;NA;NA;NA;NA;NA;NA;NA;NA;NA;NA;NA;NA;NA;NA;NA;NA;NA;NA;NA;NA;NA;NA;NA;NA;NA;NA;NA;NA;NA;NA;NA;NA;NA;NA;NA;NA;NA;NA;NA;NA;NA;NA;NA;NA;NA;NA;NA;NA;NA;NA;NA;NA;NA;NA;NA;NA;NA;NA;NA;NA;NA;NA;NA;NA;NA;NA;NA;NA;NA;NA;NA;NA;NA;NA;NA;NA;NA;NA;NA;NA;NA;NA;NA;NA;NA;NA;NA;NA;0.2
"64";"Cyflufenamid_3481_p";NA;"n";NA;NA;NA;NA;NA;NA;NA;NA;NA;NA;NA;NA;NA;NA;NA;NA;NA;NA;NA;NA;NA;NA;NA;NA;NA;NA;NA;NA;NA;NA;NA;NA;NA;NA;NA;NA;NA;NA;NA;NA;NA;NA;NA;NA;NA;NA;NA;NA;NA;NA;NA;NA;NA;NA;NA;NA;NA;NA;NA;NA;NA;NA;NA;NA;NA;NA;NA;NA;NA;NA;NA;NA;NA;NA;NA;NA;NA;NA;NA;NA;NA;NA;NA;NA;NA;NA;NA;NA;NA;NA;NA;NA;1
"68";"Cyromazin_2984_p";NA;"n";NA;NA;NA;NA;NA;NA;NA;NA;NA;NA;NA;NA;NA;NA;NA;NA;NA;NA;NA;NA;NA;NA;NA;NA;NA;NA;NA;NA;NA;NA;NA;NA;NA;NA;NA;NA;NA;NA;NA;NA;NA;NA;NA;NA;NA;NA;NA;NA;NA;NA;NA;NA;NA;NA;NA;NA;NA;NA;NA;NA;NA;NA;NA;NA;NA;NA;NA;NA;NA;NA;NA;NA;NA;NA;NA;NA;NA;NA;NA;NA;NA;NA;NA;NA;NA;NA;NA;NA;NA;NA;NA;NA;2
"69";"Desmedipham_144_p";NA;"n";NA;NA;NA;NA;NA;NA;NA;NA;NA;NA;NA;NA;NA;NA;NA;NA;NA;NA;NA;NA;NA;NA;NA;NA;NA;NA;NA;NA;NA;NA;NA;NA;NA;NA;NA;NA;NA;NA;NA;NA;NA;NA;NA;NA;NA;NA;NA;NA;NA;NA;NA;NA;NA;NA;NA;NA;NA;NA;NA;NA;NA;NA;NA;NA;NA;NA;NA;NA;NA;NA;NA;NA;NA;NA;NA;NA;NA;NA;NA;NA;NA;NA;NA;NA;NA;NA;NA;NA;NA;NA;NA;NA;NA
"76";"Diflufenican_116_p";NA;"j";NA;NA;NA;NA;NA;NA;NA;NA;NA;NA;NA;NA;NA;NA;NA;NA;NA;NA;NA;NA;NA;NA;NA;NA;NA;NA;NA;NA;NA;NA;NA;NA;NA;NA;NA;NA;NA;NA;NA;NA;NA;NA;NA;NA;NA;NA;NA;NA;NA;NA;NA;NA;NA;NA;NA;NA;NA;NA;NA;NA;NA;NA;NA;NA;NA;NA;NA;NA;NA;NA;NA;NA;NA;NA;NA;NA;NA;NA;NA;NA;NA;NA;NA;NA;NA;NA;NA;NA;NA;NA;NA;NA;4
"77";"Dihexadecyldimethylammonium-(DADMAC-(C16-C16))_2908_p";NA;"n";NA;NA;NA;NA;NA;NA;NA;NA;NA;NA;NA;NA;NA;NA;NA;NA;NA;NA;NA;NA;NA;NA;NA;NA;NA;NA;NA;NA;NA;NA;NA;NA;NA;NA;NA;NA;NA;NA;NA;NA;NA;NA;NA;NA;NA;NA;NA;NA;NA;NA;NA;NA;NA;NA;NA;NA;NA;NA;NA;NA;NA;NA;NA;NA;NA;NA;NA;NA;NA;NA;NA;NA;NA;NA;NA;NA;NA;NA;NA;NA;NA;NA;NA;NA;NA;NA;NA;NA;NA;NA;NA;NA;NA
"78";"Dimefuron_3166_p";NA;"n";NA;NA;NA;NA;NA;NA;NA;NA;NA;NA;NA;NA;NA;NA;NA;NA;NA;NA;NA;NA;NA;NA;NA;NA;NA;NA;NA;NA;NA;NA;NA;NA;NA;NA;NA;NA;NA;NA;NA;NA;NA;NA;NA;NA;NA;NA;NA;NA;NA;NA;NA;NA;NA;NA;NA;NA;NA;NA;NA;NA;NA;NA;NA;NA;NA;NA;NA;NA;NA;NA;NA;NA;NA;NA;NA;NA;NA;NA;NA;NA;NA;NA;NA;NA;NA;NA;NA;NA;NA;NA;NA;NA;4
"80";"Dimethachlor-OXA_2536_n";NA;"n";NA;NA;NA;NA;NA;NA;NA;NA;NA;NA;NA;NA;NA;NA;NA;NA;NA;NA;NA;NA;NA;NA;NA;NA;NA;NA;NA;NA;NA;NA;NA;NA;NA;NA;NA;NA;NA;NA;NA;NA;NA;NA;NA;NA;NA;NA;NA;NA;NA;NA;NA;NA;NA;NA;NA;NA;NA;NA;NA;NA;NA;NA;NA;NA;NA;NA;NA;NA;NA;NA;NA;NA;NA;NA;NA;NA;NA;NA;NA;NA;NA;NA;NA;NA;NA;NA;NA;NA;NA;NA;NA;NA;9
"81";"Dimethachlor_707_p";NA;"n";NA;NA;NA;NA;NA;NA;NA;NA;NA;NA;NA;NA;NA;NA;NA;NA;NA;NA;NA;NA;NA;NA;NA;NA;NA;NA;NA;NA;NA;NA;NA;NA;NA;NA;NA;NA;NA;NA;NA;NA;NA;NA;NA;NA;NA;NA;NA;NA;NA;NA;NA;NA;NA;NA;NA;NA;NA;NA;NA;NA;NA;NA;NA;NA;NA;NA;NA;NA;NA;NA;NA;NA;NA;NA;NA;NA;NA;NA;NA;NA;NA;NA;NA;NA;NA;NA;NA;NA;NA;NA;NA;NA;0.3
"82";"Dimethenamid-ESA_260_n";NA;"n";NA;NA;NA;NA;NA;NA;NA;NA;NA;NA;NA;NA;NA;NA;NA;NA;1.8;NA;NA;NA;NA;NA;NA;NA;NA;NA;NA;NA;NA;NA;NA;NA;NA;NA;NA;NA;NA;NA;NA;NA;2.8;NA;NA;NA;NA;170;NA;NA;NA;NA;2.1;NA;NA;NA;NA;NA;NA;NA;NA;NA;NA;NA;NA;NA;10;NA;NA;NA;NA;NA;NA;NA;NA;NA;NA;NA;NA;NA;NA;NA;NA;NA;NA;NA;NA;NA;NA;NA;NA;NA;NA;NA;NA
"91";"DMSA-(-N-N-Dimethylaminosulfanilid)_296_p";NA;"n";NA;NA;NA;NA;NA;NA;NA;NA;NA;NA;NA;NA;NA;NA;NA;NA;NA;NA;NA;NA;NA;NA;NA;NA;NA;NA;NA;NA;NA;NA;NA;NA;NA;NA;NA;NA;NA;NA;NA;NA;NA;NA;NA;NA;NA;NA;NA;NA;NA;NA;NA;NA;NA;NA;NA;NA;NA;NA;NA;NA;NA;NA;NA;NA;NA;NA;NA;NA;NA;NA;NA;NA;NA;NA;NA;NA;NA;NA;NA;NA;NA;NA;NA;NA;NA;NA;NA;NA;NA;NA;NA;NA;7
"92";"Emamectin_3814_p_ex";NA;"n";NA;NA;NA;NA;NA;NA;NA;NA;NA;NA;NA;NA;NA;NA;NA;NA;NA;NA;NA;NA;NA;NA;NA;NA;NA;NA;NA;NA;NA;NA;NA;NA;NA;NA;NA;NA;NA;NA;NA;NA;NA;NA;NA;NA;NA;NA;NA;NA;NA;NA;NA;NA;NA;NA;NA;NA;NA;NA;NA;NA;NA;NA;NA;NA;NA;NA;NA;NA;NA;NA;NA;NA;NA;NA;NA;NA;NA;NA;NA;NA;NA;NA;NA;NA;NA;NA;NA;NA;NA;NA;NA;NA;3
"94";"Ethephon_3482_p";NA;"n";NA;NA;NA;NA;NA;NA;NA;NA;NA;NA;NA;NA;NA;NA;NA;NA;NA;NA;NA;NA;NA;NA;NA;NA;NA;NA;NA;NA;NA;NA;NA;NA;NA;NA;NA;NA;NA;NA;NA;NA;NA;NA;NA;NA;NA;NA;NA;NA;NA;NA;NA;NA;NA;NA;NA;NA;NA;NA;NA;NA;NA;NA;NA;NA;NA;NA;NA;NA;NA;NA;NA;NA;NA;NA;NA;NA;NA;NA;NA;NA;NA;NA;NA;NA;NA;NA;NA;NA;NA;NA;NA;NA;15
"95";"Ethofumesat-2-keto_118_ p";NA;NA;NA;NA;NA;NA;NA;NA;NA;NA;NA;NA;NA;NA;NA;NA;NA;NA;NA;NA;NA;NA;NA;NA;NA;NA;NA;NA;NA;NA;NA;NA;NA;NA;NA;NA;NA;NA;NA;NA;NA;NA;NA;NA;NA;NA;NA;NA;NA;NA;NA;NA;NA;NA;NA;NA;NA;NA;NA;NA;NA;NA;NA;NA;NA;NA;NA;NA;NA;NA;NA;NA;NA;NA;NA;NA;NA;NA;NA;NA;NA;NA;NA;NA;NA;NA;NA;NA;NA;NA;NA;NA;NA;NA;NA
"97";"Famoxadone_3049_p";NA;"n";NA;NA;NA;NA;NA;NA;NA;NA;NA;NA;NA;NA;NA;NA;NA;NA;NA;NA;NA;NA;NA;NA;NA;NA;NA;NA;NA;NA;NA;NA;NA;NA;NA;NA;NA;NA;NA;NA;NA;NA;NA;NA;NA;NA;NA;NA;NA;NA;NA;NA;NA;NA;NA;NA;NA;NA;NA;NA;NA;NA;NA;NA;NA;NA;NA;NA;NA;NA;NA;NA;NA;NA;NA;NA;NA;NA;NA;NA;NA;NA;NA;NA;NA;NA;NA;NA;NA;NA;NA;NA;NA;NA;NA
"99";"Fenhexamid_3057_p";NA;"n";NA;NA;NA;NA;NA;NA;NA;NA;NA;NA;NA;NA;NA;NA;NA;NA;NA;NA;NA;NA;NA;NA;NA;NA;NA;NA;NA;NA;NA;NA;NA;NA;NA;NA;NA;NA;NA;NA;NA;NA;NA;NA;NA;NA;NA;NA;NA;NA;NA;NA;NA;NA;NA;NA;NA;NA;NA;NA;NA;NA;NA;NA;NA;NA;NA;NA;NA;NA;NA;NA;NA;NA;NA;NA;NA;NA;NA;NA;NA;NA;NA;NA;NA;NA;NA;NA;NA;NA;NA;NA;NA;NA;9
"100";"Fenoxycarb_2940_p";NA;"n";NA;NA;NA;NA;NA;NA;NA;NA;NA;NA;NA;NA;NA;NA;NA;NA;NA;NA;NA;NA;NA;NA;NA;NA;NA;NA;NA;NA;NA;NA;NA;NA;NA;NA;NA;NA;NA;NA;NA;NA;NA;NA;NA;NA;NA;NA;NA;NA;NA;NA;NA;NA;NA;NA;NA;NA;NA;NA;NA;NA;NA;NA;NA;NA;NA;NA;NA;NA;NA;NA;NA;NA;NA;NA;NA;NA;NA;NA;NA;NA;NA;NA;NA;NA;NA;NA;NA;NA;NA;NA;NA;NA;8
"101";"Fenpropidin_2958_p";NA;"n";NA;NA;NA;NA;NA;NA;NA;NA;NA;NA;NA;NA;NA;NA;NA;NA;NA;NA;NA;NA;NA;NA;NA;NA;NA;NA;NA;NA;NA;NA;NA;NA;NA;NA;NA;NA;NA;NA;NA;NA;NA;NA;NA;NA;NA;NA;NA;NA;NA;NA;NA;NA;NA;NA;NA;NA;NA;NA;NA;NA;NA;NA;NA;NA;NA;NA;NA;NA;NA;NA;NA;NA;NA;NA;NA;NA;NA;NA;NA;NA;NA;NA;NA;NA;NA;NA;NA;NA;NA;NA;NA;NA;3
"102";"Fenpropimorph_146_p";NA;"n";NA;NA;NA;NA;NA;NA;NA;NA;NA;NA;NA;NA;NA;NA;NA;NA;NA;NA;NA;NA;NA;NA;NA;NA;NA;NA;NA;NA;NA;NA;NA;NA;NA;NA;NA;NA;NA;NA;NA;NA;NA;NA;NA;NA;NA;NA;NA;NA;NA;NA;NA;NA;NA;NA;NA;NA;NA;NA;NA;NA;NA;NA;NA;NA;NA;NA;NA;NA;NA;NA;NA;NA;NA;NA;NA;NA;NA;NA;NA;NA;NA;NA;NA;NA;NA;NA;NA;NA;NA;NA;NA;NA;3
"103";"Fipronil-desulfinyl_2669_n";NA;"n";NA;NA;NA;NA;NA;NA;NA;NA;NA;NA;NA;NA;NA;NA;NA;NA;NA;NA;NA;NA;NA;NA;NA;NA;NA;NA;NA;NA;NA;NA;NA;NA;NA;NA;NA;NA;NA;NA;NA;NA;NA;NA;NA;NA;NA;NA;NA;NA;NA;NA;NA;NA;NA;NA;NA;NA;NA;NA;NA;NA;NA;NA;NA;NA;NA;NA;NA;NA;NA;NA;NA;NA;NA;NA;NA;NA;NA;NA;NA;NA;NA;NA;NA;NA;NA;NA;NA;NA;NA;NA;NA;NA;NA
"104";"Fipronil-sulfid_2668_n";NA;"n";NA;NA;NA;NA;NA;NA;NA;NA;NA;NA;NA;NA;NA;NA;NA;NA;NA;NA;NA;NA;NA;NA;NA;NA;NA;NA;NA;NA;NA;NA;NA;NA;NA;NA;NA;NA;NA;NA;NA;NA;NA;NA;NA;NA;NA;NA;NA;NA;NA;NA;NA;NA;NA;NA;NA;NA;NA;NA;NA;NA;NA;NA;NA;NA;NA;NA;NA;NA;NA;NA;NA;NA;NA;NA;NA;NA;NA;NA;NA;NA;NA;NA;NA;NA;NA;NA;NA;NA;NA;NA;NA;NA;45
"105";"Fipronil-sulfon_2667_n";NA;"n";NA;NA;NA;NA;NA;NA;NA;NA;NA;NA;NA;NA;NA;NA;NA;NA;NA;NA;NA;NA;NA;NA;NA;NA;NA;NA;NA;NA;NA;NA;NA;NA;NA;NA;NA;NA;NA;NA;NA;NA;NA;NA;NA;NA;NA;NA;NA;NA;NA;NA;NA;NA;NA;NA;NA;NA;NA;NA;NA;NA;NA;NA;NA;NA;NA;NA;NA;NA;NA;NA;NA;NA;NA;NA;NA;NA;NA;NA;NA;NA;NA;NA;NA;NA;NA;NA;NA;NA;NA;NA;NA;NA;40
"107";"Flonicamid_2943_n";NA;"n";NA;NA;NA;NA;NA;NA;NA;NA;NA;NA;NA;NA;NA;NA;NA;NA;NA;NA;NA;NA;NA;NA;NA;NA;NA;NA;NA;NA;NA;NA;NA;NA;NA;NA;NA;NA;NA;NA;NA;NA;NA;NA;NA;NA;NA;NA;NA;NA;NA;NA;NA;NA;NA;NA;NA;NA;NA;NA;NA;NA;NA;NA;NA;NA;NA;NA;NA;NA;NA;NA;NA;NA;NA;NA;NA;NA;NA;NA;NA;NA;NA;NA;NA;NA;NA;NA;NA;NA;NA;NA;NA;NA;4
"109";"Fluazinam_119_n";NA;"n";NA;NA;NA;NA;NA;NA;NA;NA;NA;NA;NA;NA;NA;NA;NA;NA;NA;NA;NA;NA;NA;NA;NA;NA;NA;NA;NA;NA;NA;NA;NA;NA;NA;NA;NA;NA;NA;NA;NA;NA;NA;NA;NA;NA;NA;NA;NA;NA;NA;NA;NA;NA;NA;NA;NA;NA;NA;NA;NA;NA;NA;NA;NA;NA;NA;NA;NA;NA;NA;NA;NA;NA;NA;NA;NA;NA;NA;NA;NA;NA;NA;NA;NA;NA;NA;NA;NA;NA;NA;NA;NA;NA;7
"111";"Flufenacet-ESA_663_n";NA;"n";NA;NA;NA;NA;NA;NA;NA;NA;NA;NA;NA;NA;NA;NA;NA;NA;NA;NA;NA;NA;NA;NA;NA;NA;NA;NA;NA;NA;NA;NA;NA;NA;NA;NA;NA;NA;NA;NA;NA;NA;NA;NA;NA;NA;NA;NA;NA;NA;NA;NA;NA;NA;NA;NA;NA;NA;NA;NA;NA;NA;NA;NA;NA;NA;NA;NA;NA;NA;NA;NA;NA;NA;NA;NA;NA;NA;NA;NA;NA;NA;NA;NA;NA;NA;NA;NA;NA;NA;NA;NA;NA;NA;0.5
"112";"Flufenacet-OXA_664_n";NA;"n";NA;NA;NA;NA;NA;NA;NA;NA;NA;NA;NA;NA;NA;NA;NA;NA;NA;NA;NA;NA;NA;NA;NA;NA;NA;NA;NA;NA;NA;NA;NA;NA;NA;NA;NA;NA;NA;NA;NA;NA;NA;NA;NA;NA;NA;NA;NA;NA;NA;NA;NA;NA;NA;NA;NA;NA;NA;NA;NA;NA;NA;NA;NA;NA;NA;NA;NA;NA;NA;NA;NA;NA;NA;NA;NA;NA;NA;NA;NA;NA;NA;NA;NA;NA;NA;NA;NA;NA;NA;NA;NA;NA;7
"113";"Flufenacet_709_p";NA;"n";NA;NA;NA;NA;NA;NA;NA;NA;NA;NA;NA;NA;NA;NA;NA;NA;NA;NA;NA;NA;NA;NA;NA;NA;NA;NA;NA;NA;NA;NA;NA;NA;NA;NA;NA;NA;NA;NA;NA;NA;NA;NA;NA;NA;NA;NA;NA;NA;NA;NA;NA;NA;NA;NA;NA;NA;NA;NA;NA;NA;NA;NA;NA;NA;NA;NA;NA;NA;NA;NA;NA;NA;NA;NA;NA;NA;NA;NA;NA;NA;NA;NA;NA;NA;NA;NA;NA;NA;NA;NA;NA;NA;7
"114";"Flumioxazin_3167_p";NA;"n";NA;NA;NA;NA;NA;NA;NA;NA;NA;NA;NA;NA;NA;NA;NA;NA;NA;NA;NA;NA;NA;NA;NA;NA;NA;NA;NA;NA;NA;NA;NA;NA;NA;NA;NA;NA;NA;NA;NA;NA;NA;NA;NA;NA;NA;NA;NA;NA;NA;NA;NA;NA;NA;NA;NA;NA;NA;NA;NA;NA;NA;NA;NA;NA;NA;NA;NA;NA;NA;NA;NA;NA;NA;NA;NA;NA;NA;NA;NA;NA;NA;NA;NA;NA;NA;NA;NA;NA;NA;NA;NA;NA;NA
"117";"Fluoxastrobin_3058_p";NA;"n";NA;NA;NA;NA;NA;NA;NA;NA;NA;NA;NA;NA;NA;NA;NA;NA;NA;NA;NA;NA;NA;NA;NA;NA;NA;NA;NA;NA;NA;NA;NA;NA;NA;NA;NA;NA;NA;NA;NA;NA;NA;NA;NA;NA;NA;NA;NA;NA;NA;NA;NA;NA;NA;NA;NA;NA;NA;NA;NA;NA;NA;NA;NA;NA;NA;NA;NA;NA;NA;NA;NA;NA;NA;NA;NA;NA;NA;NA;NA;NA;NA;NA;NA;NA;NA;NA;NA;NA;NA;NA;NA;NA;4
"118";"Flurochloridon_3549_p";NA;"n";NA;NA;NA;NA;NA;NA;NA;NA;NA;NA;NA;NA;NA;NA;NA;NA;NA;NA;NA;NA;NA;NA;NA;NA;NA;NA;NA;NA;NA;NA;NA;NA;NA;NA;NA;NA;NA;NA;NA;NA;NA;NA;NA;NA;NA;NA;NA;NA;NA;NA;NA;NA;NA;NA;NA;NA;NA;NA;NA;NA;NA;NA;NA;NA;NA;NA;NA;NA;NA;NA;NA;NA;NA;NA;NA;NA;NA;NA;NA;NA;NA;NA;NA;NA;NA;NA;NA;NA;NA;NA;NA;NA;15
"119";"Fluroxypyr-(freie-Saeure)_134_n";NA;"n";NA;NA;NA;NA;NA;NA;NA;NA;NA;NA;NA;NA;NA;NA;NA;NA;NA;NA;NA;NA;NA;NA;NA;NA;NA;NA;NA;NA;NA;NA;NA;NA;NA;NA;NA;NA;NA;NA;NA;NA;NA;NA;NA;NA;NA;NA;NA;NA;NA;NA;NA;NA;NA;NA;NA;NA;NA;NA;NA;NA;NA;NA;NA;NA;NA;NA;NA;NA;NA;NA;NA;NA;NA;NA;NA;NA;NA;NA;NA;NA;NA;NA;NA;NA;NA;NA;NA;NA;NA;NA;NA;NA;15
"120";"Flusilazol_97_p";NA;"n";NA;NA;NA;NA;NA;NA;NA;NA;NA;NA;NA;NA;NA;NA;NA;NA;NA;NA;NA;NA;NA;NA;NA;NA;NA;NA;NA;NA;NA;NA;NA;NA;NA;NA;NA;NA;NA;NA;NA;NA;NA;NA;NA;NA;NA;NA;NA;NA;NA;NA;NA;NA;NA;NA;NA;NA;NA;NA;NA;NA;NA;NA;NA;NA;NA;NA;NA;NA;NA;NA;NA;NA;NA;NA;NA;NA;NA;NA;NA;NA;NA;NA;NA;NA;NA;NA;NA;NA;NA;NA;NA;NA;0.5
"122";"Haloxyfop_3562_p";NA;"n";NA;NA;NA;NA;NA;NA;NA;NA;NA;NA;NA;NA;NA;NA;NA;NA;NA;NA;NA;NA;NA;NA;NA;NA;NA;NA;NA;NA;NA;NA;NA;NA;NA;NA;NA;NA;NA;NA;NA;NA;NA;NA;NA;NA;NA;NA;NA;NA;NA;NA;NA;NA;NA;NA;NA;NA;NA;NA;NA;NA;NA;NA;NA;NA;NA;NA;NA;NA;NA;NA;NA;NA;NA;NA;NA;NA;NA;NA;NA;NA;NA;NA;NA;NA;NA;NA;NA;NA;NA;NA;NA;NA;15
"123";"Hexazinon_256_p";NA;"n";NA;NA;NA;NA;NA;NA;NA;NA;NA;NA;NA;NA;NA;NA;NA;NA;NA;NA;NA;NA;NA;NA;NA;NA;NA;NA;NA;NA;NA;NA;NA;NA;NA;NA;NA;NA;NA;NA;NA;NA;NA;NA;NA;NA;NA;NA;NA;NA;NA;NA;NA;NA;NA;NA;NA;NA;NA;NA;NA;NA;NA;NA;NA;NA;NA;NA;NA;NA;NA;NA;NA;NA;NA;NA;NA;NA;NA;NA;NA;NA;NA;NA;NA;NA;NA;NA;NA;NA;NA;NA;NA;NA;0.3
"125";"Imidacloprid-desnitro_3059_p";NA;"n";NA;NA;NA;NA;NA;NA;NA;NA;NA;NA;NA;NA;NA;NA;NA;NA;NA;NA;NA;NA;NA;NA;NA;NA;NA;NA;NA;NA;NA;NA;NA;NA;NA;NA;NA;NA;NA;NA;NA;NA;NA;NA;NA;NA;NA;NA;NA;NA;NA;NA;NA;NA;NA;NA;NA;NA;NA;NA;NA;NA;NA;NA;NA;NA;NA;NA;NA;NA;NA;NA;NA;NA;NA;NA;NA;NA;NA;NA;NA;NA;NA;NA;NA;NA;NA;NA;NA;NA;NA;NA;NA;NA;1
"128";"Indoxacarb_3529_p";NA;"n";NA;NA;NA;NA;NA;NA;NA;NA;NA;NA;NA;NA;NA;NA;NA;NA;NA;NA;NA;NA;NA;NA;NA;NA;NA;NA;NA;NA;NA;NA;NA;NA;NA;NA;NA;NA;NA;NA;NA;NA;NA;NA;NA;NA;NA;NA;NA;NA;NA;NA;NA;NA;NA;NA;NA;NA;NA;NA;NA;NA;NA;NA;NA;NA;NA;NA;NA;NA;NA;NA;NA;NA;NA;NA;NA;NA;NA;NA;NA;NA;NA;NA;NA;NA;NA;NA;NA;NA;NA;NA;NA;NA;15
"129";"Iodosulfuron-methyl_3487_p";NA;"n";NA;NA;NA;NA;NA;NA;NA;NA;NA;NA;NA;NA;NA;NA;NA;NA;NA;NA;NA;NA;NA;NA;NA;NA;NA;NA;NA;NA;NA;NA;NA;NA;NA;NA;NA;NA;NA;NA;NA;NA;NA;NA;NA;NA;NA;NA;NA;NA;NA;NA;NA;NA;NA;NA;NA;NA;NA;NA;NA;NA;NA;NA;NA;NA;NA;NA;NA;NA;NA;NA;NA;NA;NA;NA;NA;NA;NA;NA;NA;NA;NA;NA;NA;NA;NA;NA;NA;NA;NA;NA;NA;NA;0.4
"130";"Ioxynil_87_n";NA;"n";NA;NA;NA;NA;NA;NA;NA;NA;NA;NA;NA;NA;NA;NA;NA;NA;NA;NA;NA;NA;NA;NA;NA;NA;NA;NA;NA;NA;NA;NA;NA;NA;NA;NA;NA;NA;NA;NA;NA;NA;NA;NA;NA;NA;NA;NA;NA;NA;NA;NA;NA;NA;NA;NA;NA;NA;NA;NA;NA;NA;NA;NA;NA;NA;NA;NA;NA;NA;NA;NA;NA;NA;NA;NA;NA;NA;NA;NA;NA;NA;NA;NA;NA;NA;NA;NA;NA;NA;NA;NA;NA;NA;8
"131";"IPBC-(-Iodocarb)_305_p";NA;"n";NA;NA;NA;NA;NA;NA;NA;NA;NA;NA;NA;NA;NA;NA;NA;NA;NA;NA;NA;NA;NA;NA;NA;NA;NA;NA;NA;NA;NA;NA;NA;NA;NA;NA;NA;NA;NA;NA;NA;NA;NA;NA;NA;NA;NA;NA;NA;NA;NA;NA;NA;NA;NA;NA;NA;NA;NA;NA;NA;NA;NA;NA;NA;NA;NA;NA;NA;NA;NA;NA;NA;NA;NA;NA;NA;NA;NA;NA;NA;NA;NA;NA;NA;NA;NA;NA;NA;NA;NA;NA;NA;NA;1
"133";"Irgarol-descyclopropyl_283_p";NA;"n";NA;NA;NA;NA;NA;NA;NA;NA;NA;NA;NA;NA;NA;NA;NA;NA;NA;NA;NA;NA;NA;NA;NA;NA;NA;NA;NA;NA;NA;NA;NA;NA;NA;NA;NA;NA;NA;NA;NA;NA;NA;NA;NA;NA;NA;NA;NA;NA;NA;NA;NA;NA;NA;NA;NA;NA;NA;NA;NA;NA;NA;NA;NA;NA;NA;NA;NA;NA;NA;NA;NA;NA;NA;NA;NA;NA;NA;NA;NA;NA;NA;NA;NA;NA;NA;NA;NA;NA;NA;NA;NA;NA;20
"138";"Isoxadifen-ethyl_3168_p";NA;"n";NA;NA;NA;NA;NA;NA;NA;NA;NA;NA;NA;NA;NA;NA;NA;NA;NA;NA;NA;NA;NA;NA;NA;NA;NA;NA;NA;NA;NA;NA;NA;NA;NA;NA;NA;NA;NA;NA;NA;NA;NA;NA;NA;NA;NA;NA;NA;NA;NA;NA;NA;NA;NA;1.2;NA;NA;NA;NA;NA;NA;NA;NA;NA;NA;NA;NA;NA;NA;NA;NA;NA;NA;NA;NA;NA;NA;NA;NA;NA;NA;NA;NA;NA;NA;NA;NA;NA;NA;NA;NA;NA;NA;NA
"139";"Isoxaflutole_3488_p";NA;"n";NA;NA;NA;NA;NA;NA;NA;NA;NA;NA;NA;NA;NA;NA;NA;NA;NA;NA;NA;NA;NA;NA;NA;NA;NA;NA;NA;NA;NA;NA;NA;NA;NA;NA;NA;NA;NA;NA;NA;NA;NA;NA;NA;NA;NA;NA;NA;NA;NA;NA;NA;NA;NA;NA;NA;NA;NA;NA;NA;NA;NA;NA;NA;NA;NA;NA;NA;NA;NA;NA;NA;NA;NA;NA;NA;NA;NA;NA;NA;NA;NA;NA;NA;NA;NA;NA;NA;NA;NA;NA;NA;NA;NA
"140";"Kresoxim-methyl_154_p";NA;"n";NA;NA;NA;NA;NA;NA;NA;NA;NA;NA;NA;NA;NA;NA;NA;NA;NA;NA;NA;NA;NA;NA;NA;NA;NA;NA;NA;NA;NA;NA;NA;NA;NA;NA;NA;NA;NA;NA;NA;NA;NA;NA;NA;NA;NA;NA;NA;NA;NA;NA;NA;NA;NA;NA;NA;NA;NA;NA;NA;NA;NA;NA;NA;NA;NA;NA;NA;NA;NA;NA;NA;NA;NA;NA;NA;NA;NA;NA;NA;NA;NA;NA;NA;NA;NA;NA;NA;NA;NA;NA;NA;NA;15
"143";"Lufenuron_3303_p_ex";NA;"n";NA;NA;NA;NA;NA;NA;NA;NA;NA;NA;NA;NA;NA;NA;NA;NA;NA;NA;NA;NA;NA;NA;NA;NA;NA;NA;NA;NA;NA;NA;NA;NA;NA;NA;NA;NA;NA;NA;NA;NA;NA;NA;NA;NA;NA;NA;NA;NA;NA;NA;NA;NA;NA;NA;NA;NA;NA;NA;NA;NA;NA;NA;NA;NA;NA;NA;NA;NA;NA;NA;NA;NA;NA;NA;NA;NA;NA;NA;NA;NA;NA;NA;NA;NA;NA;NA;NA;NA;NA;NA;NA;NA;NA
"147";"MCPB_2710_n";NA;"j";NA;NA;NA;NA;NA;NA;NA;NA;NA;NA;NA;NA;NA;NA;NA;NA;NA;NA;NA;NA;NA;NA;NA;NA;NA;NA;NA;NA;NA;NA;NA;NA;NA;NA;NA;NA;NA;NA;NA;NA;NA;NA;NA;NA;NA;NA;NA;NA;NA;NA;NA;NA;NA;NA;NA;NA;NA;NA;NA;NA;NA;NA;NA;NA;NA;NA;NA;NA;NA;NA;NA;NA;NA;NA;NA;NA;NA;NA;NA;NA;NA;NA;NA;NA;NA;NA;NA;NA;NA;NA;NA;NA;15
"148";"Mecoprop_308_n";NA;"j";NA;NA;NA;NA;NA;NA;NA;NA;NA;NA;NA;NA;NA;NA;NA;NA;NA;NA;NA;NA;NA;NA;NA;NA;NA;NA;NA;NA;NA;NA;NA;NA;NA;NA;NA;NA;NA;NA;NA;NA;NA;NA;NA;NA;NA;NA;NA;NA;NA;NA;NA;NA;NA;NA;NA;NA;NA;NA;NA;NA;NA;NA;NA;NA;NA;NA;NA;NA;NA;NA;NA;NA;NA;NA;NA;NA;NA;NA;NA;NA;NA;NA;NA;NA;NA;NA;NA;NA;NA;NA;NA;NA;10
"149";"Mefenpyr-diethyl_3169_p";NA;"n";NA;NA;NA;NA;NA;NA;NA;NA;NA;NA;NA;NA;NA;NA;NA;NA;NA;NA;NA;NA;NA;NA;NA;NA;NA;NA;NA;NA;NA;NA;NA;NA;NA;NA;NA;NA;NA;NA;NA;NA;NA;NA;NA;NA;NA;NA;NA;NA;NA;NA;NA;NA;NA;NA;NA;NA;NA;NA;NA;NA;NA;NA;NA;NA;NA;NA;NA;NA;NA;NA;NA;NA;NA;NA;NA;NA;NA;NA;NA;NA;NA;NA;NA;NA;NA;NA;NA;NA;NA;NA;NA;NA;9
"150";"Mepanipyrim_3062_p";NA;"n";NA;NA;NA;NA;NA;NA;NA;NA;NA;NA;NA;NA;NA;NA;NA;NA;NA;NA;NA;NA;NA;NA;NA;NA;NA;NA;NA;NA;NA;NA;NA;NA;NA;NA;NA;NA;NA;NA;NA;NA;NA;NA;NA;NA;NA;NA;NA;NA;NA;NA;NA;NA;NA;NA;NA;NA;NA;NA;NA;NA;NA;NA;NA;NA;NA;NA;NA;NA;NA;NA;NA;NA;NA;NA;NA;NA;NA;NA;NA;NA;NA;NA;NA;NA;NA;NA;NA;NA;NA;NA;NA;NA;0.3
"151";"Mesosulfuron-methyl_3170_p";NA;"n";NA;NA;NA;NA;NA;NA;NA;NA;NA;NA;NA;NA;NA;NA;NA;NA;NA;NA;NA;NA;NA;NA;NA;NA;NA;NA;NA;NA;NA;NA;NA;NA;NA;NA;NA;NA;NA;NA;NA;NA;NA;NA;NA;NA;NA;NA;NA;NA;NA;NA;NA;NA;NA;NA;NA;NA;NA;NA;NA;NA;NA;NA;NA;NA;NA;NA;NA;NA;NA;NA;NA;NA;NA;NA;NA;NA;NA;NA;NA;NA;NA;NA;NA;NA;NA;NA;NA;NA;NA;NA;NA;NA;0.3
"152";"Mesotrion-MNBA_263_n";NA;"n";NA;NA;NA;NA;NA;NA;NA;NA;NA;NA;NA;NA;NA;NA;NA;NA;NA;NA;NA;NA;NA;NA;NA;NA;NA;NA;NA;NA;NA;NA;NA;NA;NA;NA;NA;NA;NA;NA;NA;NA;NA;NA;NA;NA;NA;NA;NA;NA;NA;NA;NA;NA;NA;NA;NA;NA;NA;NA;NA;NA;NA;NA;NA;NA;NA;NA;NA;NA;NA;NA;NA;NA;NA;NA;NA;NA;NA;NA;NA;NA;NA;NA;NA;NA;NA;NA;NA;NA;NA;NA;NA;NA;0.1
"153";"Mesotrion_258_p";NA;"j";NA;NA;NA;NA;NA;NA;NA;NA;NA;NA;NA;NA;NA;NA;NA;NA;NA;NA;NA;NA;NA;NA;NA;NA;NA;NA;NA;NA;NA;NA;NA;NA;NA;NA;NA;NA;NA;NA;NA;NA;NA;NA;NA;NA;NA;NA;NA;NA;NA;NA;NA;NA;NA;NA;NA;NA;NA;NA;NA;NA;NA;NA;NA;NA;NA;NA;NA;NA;NA;NA;NA;NA;NA;NA;NA;NA;NA;NA;NA;NA;NA;NA;NA;NA;NA;NA;NA;NA;NA;NA;NA;NA;7
"158";"Metazachlor-OXA_706_n";NA;"n";NA;NA;NA;NA;NA;NA;NA;NA;NA;NA;NA;NA;NA;NA;NA;NA;NA;NA;NA;NA;NA;NA;NA;NA;NA;NA;NA;NA;NA;NA;NA;NA;NA;NA;NA;NA;NA;NA;NA;NA;NA;NA;NA;NA;NA;NA;NA;NA;NA;NA;NA;NA;NA;NA;NA;NA;NA;NA;NA;NA;NA;NA;NA;NA;NA;NA;NA;NA;NA;NA;NA;NA;NA;NA;NA;NA;NA;NA;NA;NA;NA;NA;NA;NA;NA;NA;NA;NA;NA;NA;NA;NA;7
"159";"Metazachlor_269_p";NA;"n";NA;NA;NA;NA;NA;NA;NA;NA;NA;NA;NA;NA;NA;NA;NA;NA;NA;NA;NA;NA;NA;NA;NA;NA;NA;NA;NA;NA;NA;NA;NA;NA;NA;NA;NA;NA;NA;NA;NA;NA;NA;NA;NA;NA;NA;NA;NA;NA;NA;NA;NA;NA;NA;NA;NA;NA;NA;NA;NA;NA;NA;NA;NA;NA;NA;NA;NA;NA;NA;NA;NA;NA;NA;NA;NA;NA;NA;NA;NA;NA;NA;NA;NA;NA;NA;NA;NA;NA;NA;NA;NA;NA;0.2
"160";"Metconazole_3171_p";NA;"n";NA;NA;NA;NA;NA;NA;NA;NA;NA;NA;NA;NA;NA;NA;NA;NA;NA;NA;NA;NA;NA;NA;NA;NA;NA;NA;NA;NA;NA;NA;NA;NA;NA;NA;NA;NA;NA;NA;NA;NA;NA;NA;NA;NA;NA;NA;NA;NA;NA;NA;NA;NA;NA;NA;NA;NA;NA;NA;NA;NA;NA;NA;NA;NA;NA;NA;NA;NA;NA;NA;NA;NA;NA;NA;NA;NA;NA;NA;NA;NA;NA;NA;NA;NA;NA;NA;NA;NA;NA;NA;NA;NA;1
"163";"Methiocarb_2937_p";NA;"j";NA;NA;NA;NA;NA;NA;NA;NA;NA;NA;NA;NA;NA;NA;NA;NA;NA;NA;NA;NA;NA;NA;NA;NA;NA;NA;NA;NA;NA;NA;NA;NA;NA;NA;NA;NA;NA;NA;NA;NA;NA;NA;NA;NA;NA;NA;NA;NA;NA;NA;NA;NA;NA;NA;NA;NA;NA;NA;NA;NA;NA;NA;NA;NA;NA;NA;NA;NA;NA;NA;NA;NA;NA;NA;NA;NA;NA;NA;NA;NA;NA;NA;NA;NA;NA;NA;NA;NA;NA;NA;NA;NA;1
"164";"Methomyl_2942_p";NA;"n";NA;NA;NA;NA;NA;NA;NA;NA;NA;NA;NA;NA;NA;NA;NA;NA;NA;NA;NA;NA;NA;NA;NA;NA;NA;NA;NA;NA;NA;NA;NA;NA;NA;NA;NA;NA;NA;NA;NA;NA;NA;NA;NA;NA;NA;NA;NA;NA;NA;NA;NA;NA;NA;NA;NA;NA;NA;NA;NA;NA;NA;NA;NA;NA;NA;NA;NA;NA;NA;NA;NA;NA;NA;NA;NA;NA;NA;NA;NA;NA;NA;NA;NA;NA;NA;NA;NA;NA;NA;NA;NA;NA;3
"165";"Methoxyfenozid_2935_n";NA;"n";NA;NA;NA;NA;NA;NA;NA;NA;NA;NA;NA;NA;NA;NA;NA;NA;NA;NA;NA;NA;NA;NA;NA;NA;NA;NA;NA;NA;NA;NA;NA;NA;NA;NA;NA;NA;NA;NA;NA;NA;NA;NA;NA;NA;NA;NA;NA;NA;NA;NA;NA;NA;NA;NA;NA;NA;NA;NA;NA;NA;NA;NA;NA;NA;NA;NA;NA;NA;NA;NA;NA;NA;NA;NA;NA;NA;NA;NA;NA;NA;NA;NA;NA;NA;NA;NA;NA;NA;NA;NA;NA;NA;45
"166";"Methoxyfenozid_2935_p";NA;"n";NA;NA;NA;NA;NA;NA;NA;NA;NA;NA;NA;NA;NA;NA;NA;NA;NA;NA;NA;NA;NA;NA;NA;NA;NA;NA;NA;NA;NA;NA;NA;NA;NA;NA;NA;NA;NA;NA;NA;NA;NA;NA;NA;NA;NA;NA;NA;NA;NA;NA;NA;NA;NA;NA;NA;NA;NA;NA;NA;NA;NA;NA;NA;NA;NA;NA;NA;NA;NA;NA;NA;NA;NA;NA;NA;NA;NA;NA;NA;NA;NA;NA;NA;NA;NA;NA;NA;NA;NA;NA;NA;NA;5
"167";"Metolachlor-ESA_502_n";NA;"n";NA;NA;NA;NA;8.4;NA;NA;7.2;NA;35;NA;NA;20;NA;18;NA;14;NA;41;1.3;NA;NA;25;NA;NA;11;25;NA;NA;5.6;170;NA;NA;NA;NA;NA;NA;11;NA;30;12;19;1;25;50;4.3;NA;NA;NA;NA;8.1;NA;51;0.9;420;NA;NA;NA;NA;NA;NA;NA;NA;NA;NA;NA;NA;NA;NA;NA;NA;NA;NA;NA;NA;NA;NA;NA;NA;NA;NA;NA;NA;NA;NA;NA;NA;NA;NA;NA;NA;NA;NA
"171";"Metosulam_3172_p";NA;"n";NA;NA;NA;NA;NA;NA;NA;NA;NA;NA;NA;NA;NA;NA;NA;NA;NA;NA;NA;NA;NA;NA;NA;NA;NA;NA;NA;NA;NA;NA;NA;NA;NA;NA;NA;NA;NA;NA;NA;NA;NA;NA;NA;NA;NA;NA;NA;NA;NA;NA;NA;NA;NA;NA;NA;NA;NA;NA;NA;NA;NA;NA;NA;NA;NA;NA;NA;NA;NA;NA;NA;NA;NA;NA;NA;NA;NA;NA;NA;NA;NA;NA;NA;NA;NA;NA;NA;NA;NA;NA;NA;NA;3
"173";"Metrafenone_3063_p";NA;"n";NA;NA;NA;NA;NA;NA;NA;NA;NA;NA;NA;NA;NA;NA;NA;NA;NA;NA;NA;NA;NA;NA;NA;NA;NA;NA;NA;NA;NA;NA;NA;NA;NA;NA;NA;NA;NA;NA;NA;NA;NA;NA;NA;NA;NA;NA;NA;NA;NA;NA;NA;NA;NA;NA;NA;NA;NA;NA;NA;NA;NA;NA;NA;NA;NA;NA;NA;NA;NA;NA;NA;NA;NA;NA;NA;NA;NA;NA;NA;NA;NA;NA;NA;NA;NA;NA;NA;NA;NA;NA;NA;NA;7
"182";"N-(2-4-dimethylphenyl)-N-methylformamidin_331_p";NA;"n";NA;NA;NA;NA;NA;NA;NA;NA;NA;NA;NA;NA;NA;NA;NA;NA;NA;NA;NA;NA;NA;NA;NA;NA;NA;NA;NA;NA;NA;NA;NA;NA;NA;NA;NA;NA;NA;NA;NA;NA;NA;NA;NA;NA;NA;NA;NA;NA;NA;NA;NA;NA;NA;NA;NA;NA;NA;NA;NA;NA;NA;NA;NA;NA;NA;NA;NA;NA;NA;NA;NA;NA;NA;NA;NA;NA;NA;NA;NA;NA;NA;NA;NA;NA;NA;NA;NA;NA;NA;NA;NA;NA;4
"184";"N-N-dimethyl-N-(4-methylphenyl)-sulfamid_340_p";NA;"n";NA;NA;NA;NA;NA;NA;NA;NA;NA;NA;NA;NA;NA;NA;NA;NA;NA;NA;NA;NA;NA;NA;NA;NA;NA;NA;NA;NA;NA;NA;NA;NA;NA;NA;NA;NA;NA;NA;NA;NA;NA;NA;NA;NA;NA;NA;NA;NA;NA;NA;NA;NA;NA;NA;NA;NA;NA;NA;NA;NA;NA;NA;NA;NA;NA;NA;NA;NA;NA;NA;NA;NA;NA;NA;NA;NA;NA;NA;NA;NA;NA;NA;NA;NA;NA;NA;NA;NA;NA;NA;NA;NA;10
"185";"N-N-Dimethylsulfamid_341_p";NA;"n";NA;NA;NA;NA;NA;NA;NA;NA;NA;NA;NA;NA;NA;NA;NA;NA;NA;NA;NA;NA;NA;NA;NA;NA;NA;NA;NA;NA;NA;NA;NA;NA;NA;NA;NA;NA;NA;NA;NA;NA;NA;NA;NA;NA;NA;NA;NA;NA;NA;NA;NA;NA;NA;NA;NA;NA;NA;NA;NA;NA;NA;NA;NA;NA;NA;NA;NA;NA;NA;NA;NA;NA;NA;NA;NA;NA;NA;NA;NA;NA;NA;NA;NA;NA;NA;NA;NA;NA;NA;NA;NA;NA;1
"186";"Napropamid_120_p";NA;"n";NA;NA;NA;NA;NA;NA;NA;NA;NA;NA;NA;NA;NA;NA;NA;NA;NA;NA;NA;NA;NA;NA;NA;NA;NA;NA;NA;NA;NA;NA;NA;NA;NA;NA;NA;NA;NA;NA;NA;NA;NA;NA;NA;NA;NA;NA;NA;NA;NA;NA;NA;NA;NA;NA;NA;NA;NA;NA;NA;NA;NA;NA;NA;NA;NA;NA;NA;NA;NA;NA;NA;NA;NA;NA;NA;NA;NA;NA;NA;NA;NA;NA;NA;NA;NA;NA;NA;NA;NA;NA;NA;NA;2
"188";"Novaluron_3550_n";NA;"n";NA;NA;NA;NA;NA;NA;NA;NA;NA;NA;NA;NA;NA;NA;NA;NA;NA;NA;NA;NA;NA;NA;NA;NA;NA;NA;NA;NA;NA;NA;NA;NA;NA;NA;NA;NA;NA;NA;NA;NA;NA;NA;NA;NA;NA;NA;NA;NA;NA;NA;NA;NA;NA;NA;NA;NA;NA;NA;NA;NA;NA;NA;NA;NA;NA;NA;NA;NA;NA;NA;NA;NA;NA;NA;NA;NA;NA;NA;NA;NA;NA;NA;NA;NA;NA;NA;NA;NA;NA;NA;NA;NA;30
"189";"Orbencarb_69_p_ex";NA;"n";NA;NA;NA;NA;NA;NA;NA;NA;NA;NA;NA;NA;NA;NA;NA;NA;NA;NA;NA;NA;NA;NA;NA;NA;NA;NA;NA;NA;NA;NA;NA;NA;NA;NA;NA;NA;NA;NA;NA;NA;NA;NA;NA;NA;NA;NA;NA;NA;NA;NA;NA;NA;NA;NA;NA;NA;NA;NA;NA;NA;NA;NA;NA;NA;NA;NA;NA;NA;NA;NA;NA;NA;NA;NA;NA;NA;NA;NA;NA;NA;NA;NA;NA;NA;NA;NA;NA;NA;NA;NA;NA;NA;7
"190";"Oryzalin_3099_n";NA;"n";NA;NA;NA;NA;NA;NA;NA;NA;NA;NA;NA;NA;NA;NA;NA;NA;NA;NA;NA;NA;NA;NA;NA;NA;NA;NA;NA;NA;NA;NA;NA;NA;NA;NA;NA;NA;NA;NA;NA;NA;NA;NA;NA;NA;NA;NA;NA;NA;NA;NA;NA;NA;NA;NA;NA;NA;NA;NA;NA;NA;NA;NA;NA;NA;NA;NA;NA;NA;NA;NA;NA;NA;NA;NA;NA;NA;NA;NA;NA;NA;NA;NA;NA;NA;NA;NA;NA;NA;NA;NA;NA;NA;100
"192";"Oxasulfuron_3490_n";NA;"n";NA;NA;NA;NA;NA;NA;NA;NA;NA;NA;NA;NA;NA;NA;NA;NA;NA;NA;NA;NA;NA;NA;NA;NA;NA;NA;NA;NA;NA;NA;NA;NA;NA;NA;NA;NA;NA;NA;NA;NA;NA;NA;NA;NA;NA;NA;NA;NA;NA;NA;NA;NA;NA;NA;NA;NA;NA;NA;NA;NA;NA;NA;NA;NA;NA;NA;NA;NA;NA;NA;NA;NA;NA;NA;NA;NA;NA;NA;NA;NA;NA;NA;NA;NA;NA;NA;NA;NA;NA;NA;NA;NA;1
"193";"Oxasulfuron_3490_p";NA;"n";NA;NA;NA;NA;NA;NA;NA;NA;NA;NA;NA;NA;NA;NA;NA;NA;NA;NA;NA;NA;NA;NA;NA;NA;NA;NA;NA;NA;NA;NA;NA;NA;NA;NA;NA;NA;NA;NA;NA;NA;NA;NA;NA;NA;NA;NA;NA;NA;NA;NA;NA;NA;NA;NA;NA;NA;NA;NA;NA;NA;NA;NA;NA;NA;NA;NA;NA;NA;NA;NA;NA;NA;NA;NA;NA;NA;NA;NA;NA;NA;NA;NA;NA;NA;NA;NA;NA;NA;NA;NA;NA;NA;2
"194";"Oxyfluorfen_3174_p";NA;"n";NA;NA;NA;NA;NA;NA;NA;NA;NA;NA;NA;NA;NA;NA;NA;NA;NA;NA;NA;NA;NA;NA;NA;NA;NA;NA;NA;NA;NA;NA;NA;NA;NA;NA;NA;NA;NA;NA;NA;NA;NA;NA;NA;NA;NA;NA;NA;NA;NA;NA;NA;NA;NA;NA;NA;NA;NA;NA;NA;NA;NA;NA;NA;NA;NA;NA;NA;NA;NA;NA;NA;NA;NA;NA;NA;NA;NA;NA;NA;NA;NA;NA;NA;NA;NA;NA;NA;NA;NA;NA;NA;NA;8
"195";"Penconazol_3107_p";NA;"j";NA;NA;NA;NA;NA;NA;NA;NA;NA;NA;NA;NA;NA;NA;NA;NA;NA;NA;NA;NA;NA;NA;NA;NA;NA;NA;NA;NA;NA;NA;NA;NA;NA;NA;NA;NA;NA;NA;NA;NA;NA;NA;NA;NA;NA;NA;NA;NA;NA;NA;NA;NA;NA;NA;NA;NA;NA;NA;NA;NA;NA;NA;NA;NA;NA;NA;NA;NA;NA;NA;NA;NA;NA;NA;NA;NA;NA;NA;NA;NA;NA;NA;NA;NA;NA;NA;NA;NA;NA;NA;NA;NA;5
"197";"Pethoxamid_700_p";NA;"n";NA;NA;NA;NA;NA;NA;NA;NA;NA;NA;NA;NA;NA;NA;NA;NA;NA;NA;NA;NA;NA;NA;NA;NA;NA;NA;NA;NA;NA;NA;NA;NA;NA;NA;NA;NA;NA;NA;NA;NA;NA;NA;NA;NA;NA;NA;NA;NA;NA;NA;NA;NA;NA;NA;NA;NA;NA;NA;NA;NA;NA;NA;NA;NA;NA;NA;NA;NA;NA;NA;NA;NA;NA;NA;NA;NA;NA;NA;NA;NA;NA;NA;NA;NA;NA;NA;NA;NA;NA;NA;NA;NA;0.2
"198";"Phenmedipham_94_p";NA;"n";NA;0.6;NA;0.4;0.7;0.7;0.4;0.6;NA;0.6;0.4;0.9;0.5;NA;0.6;0.5;NA;0.7;0.6;NA;1.3;0.6;0.7;0.8;0.5;0.8;0.7;0.8;NA;0.6;1;0.5;0.5;1.1;1.1;1.1;0.9;1;0.7;0.6;1;NA;0.5;1;0.5;1.1;0.7;0.5;0.6;0.6;NA;0.7;0.5;NA;0.6;0.7;0.7;NA;0.6;0.9;0.8;0.5;0.6;0.6;0.5;0.5;0.5;0.5;0.7;1.3;0.9;0.8;0.7;NA;NA;NA;NA;NA;NA;NA;NA;NA;NA;NA;NA;NA;NA;NA;NA;NA;NA;NA;NA
"201";"Pinoxaden_704_p";NA;"n";NA;NA;NA;NA;NA;NA;NA;NA;NA;NA;NA;NA;NA;NA;NA;NA;NA;NA;NA;NA;NA;NA;NA;NA;NA;NA;NA;NA;NA;NA;NA;NA;NA;NA;NA;NA;NA;NA;NA;NA;NA;NA;NA;NA;NA;NA;NA;NA;NA;NA;NA;NA;NA;NA;NA;NA;NA;NA;NA;NA;NA;NA;NA;NA;NA;NA;NA;NA;NA;NA;NA;NA;NA;NA;NA;NA;NA;NA;NA;NA;NA;NA;NA;NA;NA;NA;NA;NA;NA;NA;NA;NA;5
"203";"Pirimicarb_2711_p";NA;"j";NA;NA;NA;NA;NA;NA;NA;NA;NA;NA;NA;NA;NA;NA;NA;NA;NA;NA;NA;NA;NA;NA;NA;NA;NA;NA;NA;NA;NA;NA;NA;NA;NA;NA;NA;NA;NA;NA;NA;NA;NA;NA;NA;NA;NA;NA;NA;NA;NA;NA;NA;NA;NA;NA;NA;NA;NA;NA;NA;NA;NA;NA;NA;NA;NA;NA;NA;NA;NA;NA;NA;NA;NA;NA;NA;NA;NA;NA;NA;NA;NA;NA;NA;NA;NA;NA;NA;NA;NA;NA;NA;NA;2
"208";"Propachlor-OXA_666_n";NA;"n";NA;NA;NA;NA;NA;NA;NA;NA;NA;NA;NA;NA;NA;NA;NA;NA;NA;NA;NA;NA;NA;NA;NA;NA;NA;NA;NA;NA;NA;NA;NA;NA;NA;NA;NA;NA;NA;NA;NA;NA;NA;NA;NA;NA;NA;NA;NA;NA;NA;NA;NA;NA;NA;NA;NA;NA;NA;NA;NA;NA;NA;NA;NA;NA;NA;NA;NA;NA;NA;NA;NA;NA;NA;NA;NA;NA;NA;NA;NA;NA;NA;NA;NA;NA;NA;NA;NA;NA;NA;NA;NA;NA;7
"211";"Propaquizafop_122_p";NA;"n";NA;NA;NA;NA;NA;NA;NA;NA;NA;NA;NA;NA;NA;NA;NA;NA;NA;NA;NA;NA;NA;NA;NA;NA;NA;NA;NA;NA;NA;NA;NA;NA;NA;NA;NA;NA;NA;NA;NA;NA;NA;NA;NA;NA;NA;NA;NA;NA;NA;NA;NA;NA;NA;NA;NA;NA;NA;NA;NA;NA;NA;NA;NA;NA;NA;NA;NA;NA;NA;NA;NA;NA;NA;NA;NA;NA;NA;NA;NA;NA;NA;NA;NA;NA;NA;NA;NA;NA;NA;NA;NA;NA;1
"214";"Propyzamide_3175_p";NA;"n";NA;NA;NA;NA;NA;NA;NA;NA;NA;NA;NA;NA;NA;NA;NA;NA;NA;NA;NA;NA;NA;NA;NA;NA;NA;NA;NA;NA;NA;NA;NA;NA;NA;NA;NA;NA;NA;NA;NA;NA;NA;NA;NA;NA;NA;NA;NA;NA;NA;NA;NA;NA;NA;NA;NA;NA;NA;NA;NA;NA;NA;NA;NA;NA;NA;NA;NA;NA;NA;NA;NA;NA;NA;NA;NA;NA;NA;NA;NA;NA;NA;NA;NA;NA;NA;NA;NA;NA;NA;NA;NA;NA;6
"215";"Proquinazid_3491_p";NA;"n";NA;NA;NA;NA;NA;NA;NA;NA;NA;NA;NA;NA;NA;NA;NA;NA;NA;NA;NA;NA;NA;NA;NA;NA;NA;NA;NA;NA;NA;NA;NA;NA;NA;NA;NA;NA;NA;NA;NA;NA;NA;NA;NA;NA;NA;NA;NA;NA;NA;NA;NA;NA;NA;NA;NA;NA;NA;NA;NA;NA;NA;NA;NA;NA;NA;NA;NA;NA;NA;NA;NA;NA;NA;NA;NA;NA;NA;NA;NA;NA;NA;NA;NA;NA;NA;NA;NA;NA;NA;NA;NA;NA;0.5
"216";"Prosulfocarb_71_ p";NA;NA;NA;0.5;NA;NA;NA;NA;NA;NA;NA;NA;NA;NA;NA;NA;NA;0.1;NA;NA;NA;NA;NA;NA;NA;1.1;0.6;NA;1.6;NA;NA;NA;NA;NA;NA;NA;NA;NA;NA;NA;NA;NA;NA;NA;NA;NA;NA;NA;NA;0.4;NA;NA;NA;NA;NA;NA;NA;NA;NA;NA;0.1;NA;NA;NA;NA;NA;NA;NA;NA;NA;NA;NA;NA;NA;NA;NA;NA;NA;NA;NA;NA;NA;NA;NA;NA;NA;35;NA;NA;NA;NA;NA;NA;NA;NA
"217";"Prosulfuron_3492_n";NA;"n";NA;NA;NA;NA;NA;NA;NA;NA;NA;NA;NA;NA;NA;NA;NA;NA;NA;NA;NA;NA;NA;NA;NA;NA;NA;NA;NA;NA;NA;NA;NA;NA;NA;NA;NA;NA;NA;NA;NA;NA;NA;NA;NA;NA;NA;NA;NA;NA;NA;NA;NA;NA;NA;NA;NA;NA;NA;NA;NA;NA;NA;NA;NA;NA;NA;NA;NA;NA;NA;NA;NA;NA;NA;NA;NA;NA;NA;NA;NA;NA;NA;NA;NA;NA;NA;NA;NA;NA;NA;NA;NA;NA;15
"218";"Prosulfuron_3492_p";NA;"n";NA;NA;NA;NA;NA;NA;NA;NA;NA;NA;NA;NA;NA;NA;NA;NA;NA;NA;NA;NA;NA;NA;NA;NA;NA;NA;NA;NA;NA;NA;NA;NA;NA;NA;NA;NA;NA;NA;NA;NA;NA;NA;NA;NA;NA;NA;NA;NA;NA;NA;NA;NA;NA;NA;NA;NA;NA;NA;NA;NA;NA;NA;NA;NA;NA;NA;NA;NA;NA;NA;NA;NA;NA;NA;NA;NA;NA;NA;NA;NA;NA;NA;NA;NA;NA;NA;NA;NA;NA;NA;NA;NA;0.5
"220";"Prothioconazole_3813_p";NA;"n";NA;NA;NA;NA;NA;NA;NA;NA;NA;NA;NA;NA;NA;NA;NA;NA;NA;NA;NA;NA;NA;NA;NA;NA;NA;NA;NA;NA;NA;NA;NA;NA;NA;NA;NA;NA;NA;NA;NA;NA;NA;NA;NA;NA;NA;NA;NA;NA;NA;NA;NA;NA;NA;NA;NA;NA;NA;NA;NA;NA;NA;NA;NA;NA;NA;NA;NA;NA;NA;NA;NA;NA;NA;NA;NA;NA;NA;NA;NA;NA;NA;NA;NA;NA;NA;NA;NA;NA;NA;NA;NA;NA;45
"221";"Pymetrozin_2947_p";NA;"n";NA;NA;NA;NA;NA;NA;NA;NA;NA;NA;NA;NA;NA;NA;NA;NA;NA;NA;NA;NA;NA;NA;NA;NA;NA;NA;NA;NA;NA;NA;NA;NA;NA;NA;NA;NA;NA;NA;NA;NA;NA;NA;NA;NA;NA;NA;NA;NA;NA;NA;NA;NA;NA;NA;NA;NA;NA;NA;NA;NA;NA;NA;NA;NA;NA;NA;NA;NA;NA;NA;NA;NA;NA;NA;NA;NA;NA;NA;NA;NA;NA;NA;NA;NA;NA;NA;NA;NA;NA;NA;NA;NA;2
"222";"Pyraclostrobin_2779_p";NA;"n";NA;NA;NA;NA;NA;NA;NA;NA;NA;NA;NA;NA;NA;NA;NA;NA;NA;NA;NA;NA;NA;NA;NA;NA;NA;NA;NA;NA;NA;NA;NA;NA;NA;NA;NA;NA;NA;NA;NA;NA;NA;NA;NA;NA;NA;NA;NA;NA;NA;NA;NA;NA;NA;NA;NA;NA;NA;NA;NA;NA;NA;NA;NA;NA;NA;NA;NA;NA;NA;NA;NA;NA;NA;NA;NA;NA;NA;NA;NA;NA;NA;NA;NA;NA;NA;NA;NA;NA;NA;NA;NA;NA;3
"223";"Pyridat_3208_p";NA;"n";NA;NA;NA;NA;NA;NA;NA;NA;NA;NA;NA;NA;NA;NA;NA;NA;NA;NA;NA;NA;NA;NA;NA;NA;NA;NA;NA;NA;NA;NA;NA;NA;NA;NA;NA;NA;NA;NA;NA;NA;NA;NA;NA;NA;NA;NA;NA;NA;NA;NA;NA;NA;NA;NA;NA;NA;NA;NA;NA;NA;NA;NA;NA;NA;NA;NA;NA;NA;NA;NA;NA;NA;NA;NA;NA;NA;NA;NA;NA;NA;NA;NA;NA;NA;NA;NA;NA;NA;NA;NA;NA;NA;NA
"226";"Pyroxsulam_3493_n";NA;"n";NA;NA;NA;NA;NA;NA;NA;NA;NA;NA;NA;NA;NA;NA;NA;NA;NA;NA;NA;NA;NA;NA;NA;NA;NA;NA;NA;NA;NA;NA;NA;NA;NA;NA;NA;NA;NA;NA;NA;NA;NA;NA;NA;NA;NA;NA;NA;NA;NA;NA;NA;NA;NA;NA;NA;NA;NA;NA;NA;NA;NA;NA;NA;NA;NA;NA;NA;NA;NA;NA;NA;NA;NA;NA;NA;NA;NA;NA;NA;NA;NA;NA;NA;NA;NA;NA;NA;NA;NA;NA;NA;NA;2
"227";"Pyroxsulam_3493_p";NA;"n";NA;NA;NA;NA;NA;NA;NA;NA;NA;NA;NA;NA;NA;NA;NA;NA;NA;NA;NA;NA;NA;NA;NA;NA;NA;NA;NA;NA;NA;NA;NA;NA;NA;NA;NA;NA;NA;NA;NA;NA;NA;NA;NA;NA;NA;NA;NA;NA;NA;NA;NA;NA;NA;NA;NA;NA;NA;NA;NA;NA;NA;NA;NA;NA;NA;NA;NA;NA;NA;NA;NA;NA;NA;NA;NA;NA;NA;NA;NA;NA;NA;NA;NA;NA;NA;NA;NA;NA;NA;NA;NA;NA;0.2
"228";"Quinoclamine_3500_p";NA;"n";NA;NA;NA;NA;NA;NA;NA;NA;NA;NA;NA;NA;NA;NA;NA;NA;NA;NA;NA;NA;NA;NA;NA;NA;NA;NA;NA;NA;NA;NA;NA;NA;NA;NA;NA;NA;NA;NA;NA;NA;NA;NA;NA;NA;NA;NA;NA;NA;NA;NA;NA;NA;NA;NA;NA;NA;NA;NA;NA;NA;NA;NA;NA;NA;NA;NA;NA;NA;NA;NA;NA;NA;NA;NA;NA;NA;NA;NA;NA;NA;NA;NA;NA;NA;NA;NA;NA;NA;NA;NA;NA;NA;1
"229";"Quinoxyfen_3535_p";NA;"n";NA;NA;NA;NA;NA;NA;NA;NA;NA;NA;NA;NA;NA;NA;NA;NA;NA;NA;NA;NA;NA;NA;NA;NA;NA;NA;NA;NA;NA;NA;NA;NA;NA;NA;NA;NA;NA;NA;NA;NA;NA;NA;NA;NA;NA;NA;NA;NA;NA;NA;NA;NA;NA;NA;NA;NA;NA;NA;NA;NA;NA;NA;NA;NA;NA;NA;NA;NA;NA;NA;NA;NA;NA;NA;NA;NA;NA;NA;NA;NA;NA;NA;NA;NA;NA;NA;NA;NA;NA;NA;NA;NA;NA
"233";"Simeton_667_p";NA;"n";NA;NA;NA;NA;NA;NA;NA;NA;NA;NA;NA;NA;NA;NA;NA;NA;NA;NA;NA;NA;NA;NA;NA;NA;NA;NA;NA;NA;NA;NA;NA;NA;NA;NA;NA;NA;NA;NA;NA;NA;NA;NA;NA;NA;NA;NA;NA;NA;NA;NA;NA;NA;NA;NA;NA;NA;NA;NA;NA;NA;NA;NA;NA;NA;NA;NA;NA;NA;NA;NA;NA;NA;NA;NA;NA;NA;NA;NA;NA;NA;NA;NA;NA;NA;NA;NA;NA;NA;NA;NA;NA;NA;2
"234";"Spirodiclofen_3815_p";NA;"n";NA;NA;NA;NA;NA;NA;NA;NA;NA;NA;NA;NA;NA;NA;NA;NA;NA;NA;NA;NA;NA;NA;NA;NA;NA;NA;NA;NA;NA;NA;NA;NA;NA;NA;NA;NA;NA;NA;NA;NA;NA;NA;NA;NA;NA;NA;NA;NA;NA;NA;NA;NA;NA;NA;NA;NA;NA;NA;NA;NA;NA;NA;NA;NA;NA;NA;NA;NA;NA;NA;NA;NA;NA;NA;NA;NA;NA;NA;NA;NA;NA;NA;NA;NA;NA;NA;NA;NA;NA;NA;NA;NA;NA
"235";"Spirotetramat_3494_p";NA;"n";NA;NA;NA;NA;NA;NA;NA;NA;NA;NA;NA;NA;NA;NA;NA;NA;NA;NA;NA;NA;NA;NA;NA;NA;NA;NA;NA;NA;NA;NA;NA;NA;NA;NA;NA;NA;NA;NA;NA;NA;NA;NA;NA;NA;NA;NA;NA;NA;NA;NA;NA;NA;NA;NA;NA;NA;NA;NA;NA;NA;NA;NA;NA;NA;NA;NA;NA;NA;NA;NA;NA;NA;NA;NA;NA;NA;NA;NA;NA;NA;NA;NA;NA;NA;NA;NA;NA;NA;NA;NA;NA;NA;25
"236";"Spiroxamin_2789_p";NA;"n";NA;NA;NA;NA;NA;NA;NA;NA;NA;NA;NA;NA;NA;NA;NA;NA;NA;NA;NA;NA;NA;NA;NA;NA;NA;NA;NA;NA;NA;NA;NA;NA;NA;NA;NA;NA;NA;NA;NA;NA;NA;NA;NA;NA;NA;NA;NA;NA;NA;NA;NA;NA;NA;NA;NA;NA;NA;NA;NA;NA;NA;NA;NA;NA;NA;NA;NA;NA;NA;NA;NA;NA;NA;NA;NA;NA;NA;NA;NA;NA;NA;NA;NA;NA;NA;NA;NA;NA;NA;NA;NA;NA;3
"237";"Sulcotrion-CMBA_291_n";NA;"n";NA;NA;NA;NA;NA;NA;NA;NA;NA;NA;NA;NA;NA;NA;NA;NA;NA;NA;NA;NA;NA;NA;NA;NA;NA;NA;NA;NA;NA;NA;NA;NA;NA;NA;NA;NA;NA;NA;NA;NA;NA;NA;NA;NA;NA;NA;NA;NA;NA;NA;NA;NA;NA;NA;NA;NA;NA;NA;NA;NA;NA;NA;NA;NA;NA;NA;NA;NA;NA;NA;NA;NA;NA;NA;NA;NA;NA;NA;NA;NA;NA;NA;NA;NA;NA;NA;NA;NA;NA;NA;NA;NA;0.3
"238";"Sulcotrion_290_p";NA;"n";NA;NA;NA;NA;NA;NA;NA;NA;NA;NA;NA;NA;NA;NA;NA;NA;NA;NA;NA;NA;NA;NA;NA;NA;NA;NA;NA;NA;NA;NA;NA;NA;NA;NA;NA;NA;NA;NA;NA;NA;NA;NA;NA;NA;NA;NA;NA;NA;NA;NA;NA;NA;NA;NA;NA;NA;NA;NA;NA;NA;NA;NA;NA;NA;NA;NA;NA;NA;NA;NA;NA;NA;NA;NA;NA;NA;NA;NA;NA;NA;NA;NA;NA;NA;NA;NA;NA;NA;NA;NA;NA;NA;0.5
"239";"Sulfentrazon_3209_n";NA;"n";NA;NA;NA;NA;NA;NA;NA;NA;NA;NA;NA;NA;NA;NA;NA;NA;NA;NA;NA;NA;NA;NA;NA;NA;NA;NA;NA;NA;NA;NA;NA;NA;NA;NA;NA;NA;NA;NA;NA;NA;NA;NA;NA;NA;NA;NA;NA;NA;NA;NA;NA;NA;NA;NA;NA;NA;NA;NA;NA;NA;NA;NA;NA;NA;NA;NA;NA;NA;NA;NA;NA;NA;NA;NA;NA;NA;NA;NA;NA;NA;NA;NA;NA;NA;NA;NA;NA;NA;NA;NA;NA;NA;20
"240";"Sulfosulfuron_3495_n";NA;"n";NA;NA;NA;NA;NA;NA;NA;NA;NA;NA;NA;NA;NA;NA;NA;NA;NA;NA;NA;NA;NA;NA;NA;NA;NA;NA;NA;NA;NA;NA;NA;NA;NA;NA;NA;NA;NA;NA;NA;NA;NA;NA;NA;NA;NA;NA;NA;NA;NA;NA;NA;NA;NA;NA;NA;NA;NA;NA;NA;NA;NA;NA;NA;NA;NA;NA;NA;NA;NA;NA;NA;NA;NA;NA;NA;NA;NA;NA;NA;NA;NA;NA;NA;NA;NA;NA;NA;NA;NA;NA;NA;NA;15
"241";"Sulfosulfuron_3495_p";NA;"n";NA;NA;NA;NA;NA;NA;NA;NA;NA;NA;NA;NA;NA;NA;NA;NA;NA;NA;NA;NA;NA;NA;NA;NA;NA;NA;NA;NA;NA;NA;NA;NA;NA;NA;NA;NA;NA;NA;NA;NA;NA;NA;NA;NA;NA;NA;NA;NA;NA;NA;NA;NA;NA;NA;NA;NA;NA;NA;NA;NA;NA;NA;NA;NA;NA;NA;NA;NA;NA;NA;NA;NA;NA;NA;NA;NA;NA;NA;NA;NA;NA;NA;NA;NA;NA;NA;NA;NA;NA;NA;NA;NA;0.3
"243";"Tebufenozid_2952_p";NA;"n";NA;NA;NA;NA;NA;NA;NA;NA;NA;NA;NA;NA;NA;NA;NA;NA;NA;NA;NA;NA;NA;NA;NA;NA;NA;NA;NA;NA;NA;NA;NA;NA;NA;NA;NA;NA;NA;NA;NA;NA;NA;NA;NA;NA;NA;NA;NA;NA;NA;NA;NA;NA;NA;NA;NA;NA;NA;NA;NA;NA;NA;NA;NA;NA;NA;NA;NA;NA;NA;NA;NA;NA;NA;NA;NA;NA;NA;NA;NA;NA;NA;NA;NA;NA;NA;NA;NA;NA;NA;NA;NA;NA;3
"244";"Tebufenozide_2952_n";NA;"n";NA;NA;NA;NA;NA;NA;NA;NA;NA;NA;NA;NA;NA;NA;NA;NA;NA;NA;NA;NA;NA;NA;NA;NA;NA;NA;NA;NA;NA;NA;NA;NA;NA;NA;NA;NA;NA;NA;NA;NA;NA;NA;NA;NA;NA;NA;NA;NA;NA;NA;NA;NA;NA;NA;NA;NA;NA;NA;NA;NA;NA;NA;NA;NA;NA;NA;NA;NA;NA;NA;NA;NA;NA;NA;NA;NA;NA;NA;NA;NA;NA;NA;NA;NA;NA;NA;NA;NA;NA;NA;NA;NA;40
"245";"Tebutam_255_p";NA;"j";NA;NA;NA;NA;NA;NA;NA;NA;NA;NA;NA;NA;NA;NA;NA;NA;NA;NA;NA;NA;NA;NA;NA;NA;NA;NA;NA;NA;NA;NA;NA;NA;NA;NA;NA;NA;NA;NA;NA;NA;NA;NA;NA;NA;NA;NA;NA;NA;NA;NA;NA;NA;NA;NA;NA;NA;NA;NA;NA;NA;NA;NA;NA;NA;NA;NA;NA;NA;NA;NA;NA;NA;NA;NA;NA;NA;NA;NA;NA;NA;NA;NA;NA;NA;NA;NA;NA;NA;NA;NA;NA;NA;0.2
"246";"Teflubenzuron_2931_ p";NA;"n";NA;NA;NA;NA;NA;NA;NA;NA;NA;NA;NA;NA;NA;NA;NA;NA;NA;NA;NA;NA;NA;NA;NA;NA;NA;NA;NA;NA;NA;NA;NA;NA;NA;NA;NA;NA;NA;NA;NA;NA;NA;NA;NA;NA;NA;NA;NA;NA;NA;NA;NA;NA;NA;NA;NA;NA;NA;NA;NA;NA;NA;NA;NA;NA;NA;NA;NA;NA;NA;NA;NA;NA;NA;NA;NA;NA;NA;NA;NA;NA;NA;NA;NA;NA;NA;NA;NA;NA;NA;NA;NA;NA;85
"248";"Tepraloxydim_3178_p";NA;"n";NA;NA;NA;NA;NA;NA;NA;NA;NA;NA;NA;NA;NA;NA;NA;NA;NA;NA;NA;NA;NA;NA;NA;NA;NA;NA;NA;NA;NA;NA;NA;NA;NA;NA;NA;NA;NA;NA;NA;NA;NA;NA;NA;NA;NA;NA;NA;NA;NA;NA;NA;NA;NA;NA;NA;NA;NA;NA;NA;NA;NA;NA;NA;NA;NA;NA;NA;NA;NA;NA;NA;NA;NA;NA;NA;NA;NA;NA;NA;NA;NA;NA;NA;NA;NA;NA;NA;NA;NA;NA;NA;NA;NA
"249";"Terbacil_3179_n";NA;"n";NA;NA;NA;NA;NA;NA;NA;NA;NA;NA;NA;NA;NA;NA;NA;NA;NA;NA;NA;NA;NA;NA;NA;NA;NA;NA;NA;NA;NA;NA;NA;NA;NA;NA;NA;NA;NA;NA;NA;NA;NA;NA;NA;NA;NA;NA;NA;NA;NA;NA;NA;NA;NA;NA;NA;NA;NA;NA;NA;NA;NA;NA;NA;NA;NA;NA;NA;NA;NA;NA;NA;NA;NA;NA;NA;NA;NA;NA;NA;NA;NA;NA;NA;NA;NA;NA;NA;NA;NA;NA;NA;NA;20
"252";"Terbutylazin-2-hydroxy_347_p";NA;"n";NA;NA;NA;NA;NA;NA;NA;NA;NA;NA;NA;NA;NA;NA;NA;NA;NA;NA;NA;NA;NA;NA;NA;NA;NA;NA;NA;NA;NA;NA;NA;NA;NA;NA;NA;NA;NA;NA;NA;NA;NA;NA;NA;NA;NA;NA;NA;NA;NA;NA;NA;NA;NA;NA;NA;NA;NA;NA;NA;NA;NA;NA;NA;NA;NA;NA;NA;NA;NA;NA;NA;NA;NA;NA;NA;NA;NA;NA;NA;NA;NA;NA;NA;NA;NA;NA;NA;NA;NA;NA;NA;NA;NA
"262";"Tolclofos-methyl_3540_p_ex";NA;"n";NA;NA;NA;NA;NA;NA;NA;NA;NA;NA;NA;NA;NA;NA;NA;NA;NA;NA;NA;NA;NA;NA;NA;NA;NA;NA;NA;NA;NA;NA;NA;NA;NA;NA;NA;NA;NA;NA;NA;NA;NA;NA;NA;NA;NA;NA;NA;NA;NA;NA;NA;NA;NA;NA;NA;NA;NA;NA;NA;NA;NA;NA;NA;NA;NA;NA;NA;NA;NA;NA;NA;NA;NA;NA;NA;NA;NA;NA;NA;NA;NA;NA;NA;NA;NA;NA;NA;NA;NA;NA;NA;NA;40
"263";"Triazoxide_3497_p";NA;"n";NA;NA;NA;NA;NA;NA;NA;NA;NA;NA;NA;NA;NA;NA;NA;NA;NA;NA;NA;NA;NA;NA;NA;NA;NA;NA;NA;NA;NA;NA;NA;NA;NA;NA;NA;NA;NA;NA;NA;NA;NA;NA;NA;NA;NA;NA;NA;NA;NA;NA;NA;NA;NA;NA;NA;NA;NA;NA;NA;NA;NA;NA;NA;NA;NA;NA;NA;NA;NA;NA;NA;NA;NA;NA;NA;NA;NA;NA;NA;NA;NA;NA;NA;NA;NA;NA;NA;NA;NA;NA;NA;NA;0.5
"264";"Tribenuron-methyl_3498_n";NA;"n";NA;NA;NA;NA;NA;NA;NA;NA;NA;NA;NA;NA;NA;NA;NA;NA;NA;NA;NA;NA;NA;NA;NA;NA;NA;NA;NA;NA;NA;NA;NA;NA;NA;NA;NA;NA;NA;NA;NA;NA;NA;NA;NA;NA;NA;NA;NA;NA;NA;NA;NA;NA;NA;NA;NA;NA;NA;NA;NA;NA;NA;NA;NA;NA;NA;NA;NA;NA;NA;NA;NA;NA;NA;NA;NA;NA;NA;NA;NA;NA;NA;NA;NA;NA;NA;NA;NA;NA;NA;NA;NA;NA;85
"266";"Triclocarban_2988_p";NA;"n";NA;NA;NA;NA;NA;NA;NA;NA;NA;NA;NA;NA;NA;NA;NA;NA;NA;NA;NA;NA;NA;NA;NA;NA;NA;NA;NA;NA;NA;NA;NA;NA;NA;NA;NA;NA;NA;NA;NA;NA;NA;NA;NA;NA;NA;NA;NA;NA;NA;NA;NA;NA;NA;NA;NA;NA;NA;NA;NA;NA;NA;NA;NA;NA;NA;NA;NA;NA;NA;NA;NA;NA;NA;NA;NA;NA;NA;NA;NA;NA;NA;NA;NA;NA;NA;NA;NA;NA;NA;NA;NA;NA;500
"267";"Triclopyr_2946_p";NA;"n";NA;NA;NA;NA;NA;NA;NA;NA;NA;NA;NA;NA;NA;NA;NA;NA;NA;NA;NA;NA;NA;NA;NA;NA;NA;NA;NA;NA;NA;NA;NA;NA;NA;NA;NA;NA;NA;NA;NA;NA;NA;NA;NA;NA;NA;NA;NA;NA;NA;NA;NA;NA;NA;NA;NA;NA;NA;NA;NA;NA;NA;NA;NA;NA;NA;NA;NA;NA;NA;NA;NA;NA;NA;NA;NA;NA;NA;NA;NA;NA;NA;NA;NA;NA;NA;NA;NA;NA;NA;NA;NA;NA;NA
